Folder,EdsFile,CIP Vendor,CIP Product Type,CIP Product Code,Revision,ProdType,ProdTypeStr,DescText,MajRev,MinRev,Catalog
ControlNet,0001008400090100.eds,0001,132,9,1.1,132,Compact IO/DSI,PowerFlex 525,1,1,25B...
ControlNet,0001008400090200.eds,0001,132,9,1.1,132,Compact IO/DSI,PowerFlex 525,2,1,25B...
ControlNet,0001008400090300.eds,0001,132,9,1.1,132,Compact IO/DSI,PowerFlex 525,3,1,25B...
ControlNet,0001008400090400.eds,0001,132,9,1.1,132,Compact IO/DSI,PowerFlex 525,4,1,25B...
ControlNet,0001008400090500.eds,0001,132,9,1.1,132,Compact IO/DSI,PowerFlex 525,5,1,25B...
ControlNet,0001008800090100.eds,0001,136,9,1.1,136,DSI to ControlNet,PowerFlex 525,1,1,25B...
ControlNet,0001008800090200.eds,0001,136,9,1.1,136,DSI to ControlNet,PowerFlex 525,2,1,25B...
ControlNet,0001008800090300.eds,0001,136,9,1.1,136,DSI to ControlNet,PowerFlex 525,3,1,25B...
ControlNet,0001008800090400.eds,0001,136,9,1.1,136,DSI to ControlNet,PowerFlex 525,4,1,25B...
ControlNet,0001008800090500.eds,0001,136,9,1.1,136,DSI to ControlNet,PowerFlex 525,5,1,25B...
EtherNetIP,0001007F00090100.eds,0001,127,9,1.1,127,DSI to EtherNet/IP,PowerFlex 525,1,1,25B...
EtherNetIP,0001007F00090200.eds,0001,127,9,1.1,127,DSI to EtherNet/IP,PowerFlex 525,2,1,25B...
EtherNetIP,0001007F00090300.eds,0001,127,9,1.1,127,DSI to EtherNet/IP,PowerFlex 525,3,1,25B...
EtherNetIP,0001007F00090400.eds,0001,127,9,1.1,127,DSI to EtherNet/IP,PowerFlex 525,4,1,25B...
EtherNetIP,0001007F00090500.eds,0001,127,9,1.1,127,DSI to EtherNet/IP,PowerFlex 525,5,1,25B...
EtherNetIP,0001009600090100.eds,0001,150,9,1.1,336,PowerFlex 525 Embedded EtherNet/IP,PowerFlex 525 - Single-Drive Mode,1,3,25B...
EtherNetIP,0001009600090200.eds,0001,150,9,1.1,336,PowerFlex 525 Embedded EtherNet/IP,PowerFlex 525 - Single-Drive Mode,2,1,25B...
EtherNetIP,0001009600090300.eds,0001,150,9,1.1,336,PowerFlex 525 Embedded EtherNet/IP,PowerFlex 525 - Single-Drive Mode,3,1,25B...
EtherNetIP,0001009600090400.eds,0001,150,9,1.1,336,PowerFlex 525 Embedded EtherNet/IP,PowerFlex 525 - Single-Drive Mode,4,1,25B...
EtherNetIP,0001009600090500.eds,0001,150,9,1.1,336,PowerFlex 525 Embedded EtherNet/IP,PowerFlex 525 - Single-Drive Mode,5,1,25B...
EtherNetIP,00010096000B0100.eds,0001,150,11,1.1,336,PowerFlex 525 Embedded EtherNet/IP,PowerFlex 525 - Multi-Drive Mode,1,3,25B...
EtherNetIP,00010096000B0200.eds,0001,150,11,1.1,336,PowerFlex 525 Embedded EtherNet/IP,PowerFlex 525 - Multi-Drive Mode,2,1,25B...
EtherNetIP,00010096000B0300.eds,0001,150,11,1.1,336,PowerFlex 525 Embedded EtherNet/IP,PowerFlex 525 - Multi-Drive Mode,3,1,25B...
EtherNetIP,00010096000B0400.eds,0001,150,11,1.1,336,PowerFlex 525 Embedded EtherNet/IP,PowerFlex 525 - Multi-Drive Mode,4,1,25B...
EtherNetIP,00010096000B0500.eds,0001,150,11,1.1,336,PowerFlex 525 Embedded EtherNet/IP,PowerFlex 525 - Multi-Drive Mode,5,1,25B...
EtherNetIP,0001009700090100.eds,0001,151,9,1.1,151,HS-DSI to EtherNet/IP,PowerFlex 525,1,3,25B...
EtherNetIP,0001009700090200.eds,0001,151,9,1.1,151,HS-DSI to EtherNet/IP,PowerFlex 525,2,1,25B...
EtherNetIP,0001009700090300.eds,0001,151,9,1.1,151,HS-DSI to EtherNet/IP,PowerFlex 525,3,1,25B...
EtherNetIP,0001009700090400.eds,0001,151,9,1.1,151,HS-DSI to EtherNet/IP,PowerFlex 525,4,1,25B...
EtherNetIP,0001009700090500.eds,0001,151,9,1.1,151,HS-DSI to EtherNet/IP,PowerFlex 525,5,1,25B...
Other,0001008400090100.eds,0001,132,9,1.1,132,Compact IO/DSI,PowerFlex 525,1,1,25B...
Other,0001008400090200.eds,0001,132,9,1.1,132,Compact IO/DSI,PowerFlex 525,2,1,25B...
Other,0001008400090300.eds,0001,132,9,1.1,132,Compact IO/DSI,PowerFlex 525,3,1,25B...
Other,0001008400090400.eds,0001,132,9,1.1,132,Compact IO/DSI,PowerFlex 525,4,1,25B...
Other,0001008400090500.eds,0001,132,9,1.1,132,Compact IO/DSI,PowerFlex 525,5,1,25B...
DeviceNet,0001007E82090400.eds,0001,126,33289,1.1,126,DSI to DeviceNet,This is an EDS file for a PowerFlex 525 via a 22-COMM-D card in single-drive mode,4,0x1,25B-V2P5...
DeviceNet,0001007E82090500.eds,0001,126,33289,1.1,126,DSI to DeviceNet,This is an EDS file for a PowerFlex 525 via a 22-COMM-D card in single-drive mode,5,0x1,25B-V2P5...
DeviceNet,0001009582090100.eds,0001,149,33289,1.1,149,HS-DSI to DeviceNet,This is an EDS file for a PowerFlex 525 via a 25-COMM-D card in single-drive mode,1,0x3,25B-V2P5...
DeviceNet,0001009582090200.eds,0001,149,33289,1.1,149,HS-DSI to DeviceNet,This is an EDS file for a PowerFlex 525 via a 25-COMM-D card in single-drive mode,2,0x2,25B-V2P5...
DeviceNet,0001009582090300.eds,0001,149,33289,1.1,149,HS-DSI to DeviceNet,This is an EDS file for a PowerFlex 525 via a 25-COMM-D card in single-drive mode,3,0x1,25B-V2P5...
DeviceNet,0001009582090400.eds,0001,149,33289,1.1,149,HS-DSI to DeviceNet,This is an EDS file for a PowerFlex 525 via a 25-COMM-D card in single-drive mode,4,0x1,25B-V2P5...
DeviceNet,0001009582090500.eds,0001,149,33289,1.1,149,HS-DSI to DeviceNet,This is an EDS file for a PowerFlex 525 via a 25-COMM-D card in single-drive mode,5,0x1,25B-V2P5...
DeviceNet,0001007E84090400.eds,0001,126,33801,1.1,126,DSI to DeviceNet,This is an EDS file for a PowerFlex 525 via a 22-COMM-D card in single-drive mode,4,0x1,25B-V4P8...
DeviceNet,0001007E84090500.eds,0001,126,33801,1.1,126,DSI to DeviceNet,This is an EDS file for a PowerFlex 525 via a 22-COMM-D card in single-drive mode,5,0x1,25B-V4P8...
DeviceNet,0001009584090100.eds,0001,149,33801,1.1,149,HS-DSI to DeviceNet,This is an EDS file for a PowerFlex 525 via a 25-COMM-D card in single-drive mode,1,0x3,25B-V4P8...
DeviceNet,0001009584090200.eds,0001,149,33801,1.1,149,HS-DSI to DeviceNet,This is an EDS file for a PowerFlex 525 via a 25-COMM-D card in single-drive mode,2,0x2,25B-V4P8...
DeviceNet,0001009584090300.eds,0001,149,33801,1.1,149,HS-DSI to DeviceNet,This is an EDS file for a PowerFlex 525 via a 25-COMM-D card in single-drive mode,3,0x1,25B-V4P8...
DeviceNet,0001009584090400.eds,0001,149,33801,1.1,149,HS-DSI to DeviceNet,This is an EDS file for a PowerFlex 525 via a 25-COMM-D card in single-drive mode,4,0x1,25B-V4P8...
DeviceNet,0001009584090500.eds,0001,149,33801,1.1,149,HS-DSI to DeviceNet,This is an EDS file for a PowerFlex 525 via a 25-COMM-D card in single-drive mode,5,0x1,25B-V4P8...
DeviceNet,0001007E85090400.eds,0001,126,34057,1.1,126,DSI to DeviceNet,This is an EDS file for a PowerFlex 525 via a 22-COMM-D card in single-drive mode,4,0x1,25B-V6P0...
DeviceNet,0001007E85090500.eds,0001,126,34057,1.1,126,DSI to DeviceNet,This is an EDS file for a PowerFlex 525 via a 22-COMM-D card in single-drive mode,5,0x1,25B-V6P0...
DeviceNet,0001009585090100.eds,0001,149,34057,1.1,149,HS-DSI to DeviceNet,This is an EDS file for a PowerFlex 525 via a 25-COMM-D card in single-drive mode,1,0x3,25B-V6P0...
DeviceNet,0001009585090200.eds,0001,149,34057,1.1,149,HS-DSI to DeviceNet,This is an EDS file for a PowerFlex 525 via a 25-COMM-D card in single-drive mode,2,0x2,25B-V6P0...
DeviceNet,0001009585090300.eds,0001,149,34057,1.1,149,HS-DSI to DeviceNet,This is an EDS file for a PowerFlex 525 via a 25-COMM-D card in single-drive mode,3,0x1,25B-V6P0...
DeviceNet,0001009585090400.eds,0001,149,34057,1.1,149,HS-DSI to DeviceNet,This is an EDS file for a PowerFlex 525 via a 25-COMM-D card in single-drive mode,4,0x1,25B-V6P0...
DeviceNet,0001009585090500.eds,0001,149,34057,1.1,149,HS-DSI to DeviceNet,This is an EDS file for a PowerFlex 525 via a 25-COMM-D card in single-drive mode,5,0x1,25B-V6P0...
DeviceNet,0001007E92090400.eds,0001,126,37385,1.1,126,DSI to DeviceNet,This is an EDS file for a PowerFlex 525 via a 22-COMM-D card in single-drive mode,4,0x1,25B-A2P5...
DeviceNet,0001007E92090500.eds,0001,126,37385,1.1,126,DSI to DeviceNet,This is an EDS file for a PowerFlex 525 via a 22-COMM-D card in single-drive mode,5,0x1,25B-A2P5...
DeviceNet,0001009592090100.eds,0001,149,37385,1.1,149,HS-DSI to DeviceNet,This is an EDS file for a PowerFlex 525 via a 25-COMM-D card in single-drive mode,1,0x3,25B-A2P5...
DeviceNet,0001009592090200.eds,0001,149,37385,1.1,149,HS-DSI to DeviceNet,This is an EDS file for a PowerFlex 525 via a 25-COMM-D card in single-drive mode,2,0x2,25B-A2P5...
DeviceNet,0001009592090300.eds,0001,149,37385,1.1,149,HS-DSI to DeviceNet,This is an EDS file for a PowerFlex 525 via a 25-COMM-D card in single-drive mode,3,0x1,25B-A2P5...
DeviceNet,0001009592090400.eds,0001,149,37385,1.1,149,HS-DSI to DeviceNet,This is an EDS file for a PowerFlex 525 via a 25-COMM-D card in single-drive mode,4,0x1,25B-A2P5...
DeviceNet,0001009592090500.eds,0001,149,37385,1.1,149,HS-DSI to DeviceNet,This is an EDS file for a PowerFlex 525 via a 25-COMM-D card in single-drive mode,5,0x1,25B-A2P5...
DeviceNet,00010095A2090100.eds,0001,149,41481,1.1,149,HS-DSI to DeviceNet,This is an EDS file for a PowerFlex 525 via a 25-COMM-D card in single-drive mode,1,0x3,25B-A2P5...
DeviceNet,0001007E94090400.eds,0001,126,37897,1.1,126,DSI to DeviceNet,This is an EDS file for a PowerFlex 525 via a 22-COMM-D card in single-drive mode,4,0x1,25B-A4P8...
DeviceNet,0001007E94090500.eds,0001,126,37897,1.1,126,DSI to DeviceNet,This is an EDS file for a PowerFlex 525 via a 22-COMM-D card in single-drive mode,5,0x1,25B-A4P8...
DeviceNet,0001009594090100.eds,0001,149,37897,1.1,149,HS-DSI to DeviceNet,This is an EDS file for a PowerFlex 525 via a 25-COMM-D card in single-drive mode,1,0x3,25B-A4P8...
DeviceNet,0001009594090200.eds,0001,149,37897,1.1,149,HS-DSI to DeviceNet,This is an EDS file for a PowerFlex 525 via a 25-COMM-D card in single-drive mode,2,0x2,25B-A4P8...
DeviceNet,0001009594090300.eds,0001,149,37897,1.1,149,HS-DSI to DeviceNet,This is an EDS file for a PowerFlex 525 via a 25-COMM-D card in single-drive mode,3,0x1,25B-A4P8...
DeviceNet,0001009594090400.eds,0001,149,37897,1.1,149,HS-DSI to DeviceNet,This is an EDS file for a PowerFlex 525 via a 25-COMM-D card in single-drive mode,4,0x1,25B-A4P8...
DeviceNet,0001009594090500.eds,0001,149,37897,1.1,149,HS-DSI to DeviceNet,This is an EDS file for a PowerFlex 525 via a 25-COMM-D card in single-drive mode,5,0x1,25B-A4P8...
DeviceNet,00010095A4090100.eds,0001,149,41993,1.1,149,HS-DSI to DeviceNet,This is an EDS file for a PowerFlex 525 via a 25-COMM-D card in single-drive mode,1,0x3,25B-A4P8...
DeviceNet,0001007E96090400.eds,0001,126,38409,1.1,126,DSI to DeviceNet,This is an EDS file for a PowerFlex 525 via a 22-COMM-D card in single-drive mode,4,0x1,25B-A8P0...
DeviceNet,0001007E96090500.eds,0001,126,38409,1.1,126,DSI to DeviceNet,This is an EDS file for a PowerFlex 525 via a 22-COMM-D card in single-drive mode,5,0x1,25B-A8P0...
DeviceNet,0001009596090100.eds,0001,149,38409,1.1,149,HS-DSI to DeviceNet,This is an EDS file for a PowerFlex 525 via a 25-COMM-D card in single-drive mode,1,0x3,25B-A8P0...
DeviceNet,0001009596090200.eds,0001,149,38409,1.1,149,HS-DSI to DeviceNet,This is an EDS file for a PowerFlex 525 via a 25-COMM-D card in single-drive mode,2,0x2,25B-A8P0...
DeviceNet,0001009596090300.eds,0001,149,38409,1.1,149,HS-DSI to DeviceNet,This is an EDS file for a PowerFlex 525 via a 25-COMM-D card in single-drive mode,3,0x1,25B-A8P0...
DeviceNet,0001009596090400.eds,0001,149,38409,1.1,149,HS-DSI to DeviceNet,This is an EDS file for a PowerFlex 525 via a 25-COMM-D card in single-drive mode,4,0x1,25B-A8P0...
DeviceNet,0001009596090500.eds,0001,149,38409,1.1,149,HS-DSI to DeviceNet,This is an EDS file for a PowerFlex 525 via a 25-COMM-D card in single-drive mode,5,0x1,25B-A8P0...
DeviceNet,00010095A6090100.eds,0001,149,42505,1.1,149,HS-DSI to DeviceNet,This is an EDS file for a PowerFlex 525 via a 25-COMM-D card in single-drive mode,1,0x3,25B-A8P0...
DeviceNet,0001007E97090400.eds,0001,126,38665,1.1,126,DSI to DeviceNet,This is an EDS file for a PowerFlex 525 via a 22-COMM-D card in single-drive mode,4,0x1,25B-A011...
DeviceNet,0001007E97090500.eds,0001,126,38665,1.1,126,DSI to DeviceNet,This is an EDS file for a PowerFlex 525 via a 22-COMM-D card in single-drive mode,5,0x1,25B-A011...
DeviceNet,0001009597090100.eds,0001,149,38665,1.1,149,HS-DSI to DeviceNet,This is an EDS file for a PowerFlex 525 via a 25-COMM-D card in single-drive mode,1,0x3,25B-A011...
DeviceNet,0001009597090200.eds,0001,149,38665,1.1,149,HS-DSI to DeviceNet,This is an EDS file for a PowerFlex 525 via a 25-COMM-D card in single-drive mode,2,0x2,25B-A011...
DeviceNet,0001009597090300.eds,0001,149,38665,1.1,149,HS-DSI to DeviceNet,This is an EDS file for a PowerFlex 525 via a 25-COMM-D card in single-drive mode,3,0x1,25B-A011...
DeviceNet,0001009597090400.eds,0001,149,38665,1.1,149,HS-DSI to DeviceNet,This is an EDS file for a PowerFlex 525 via a 25-COMM-D card in single-drive mode,4,0x1,25B-A011...
DeviceNet,0001009597090500.eds,0001,149,38665,1.1,149,HS-DSI to DeviceNet,This is an EDS file for a PowerFlex 525 via a 25-COMM-D card in single-drive mode,5,0x1,25B-A011...
DeviceNet,00010095A7090100.eds,0001,149,42761,1.1,149,HS-DSI to DeviceNet,This is an EDS file for a PowerFlex 525 via a 25-COMM-D card in single-drive mode,1,0x3,25B-A011...
DeviceNet,0001007EB2090400.eds,0001,126,45577,1.1,126,DSI to DeviceNet,This is an EDS file for a PowerFlex 525 via a 22-COMM-D card in single-drive mode,4,0x1,25B-B2P5...
DeviceNet,0001007EB2090500.eds,0001,126,45577,1.1,126,DSI to DeviceNet,This is an EDS file for a PowerFlex 525 via a 22-COMM-D card in single-drive mode,5,0x1,25B-B2P5...
DeviceNet,00010095B2090100.eds,0001,149,45577,1.1,149,HS-DSI to DeviceNet,This is an EDS file for a PowerFlex 525 via a 25-COMM-D card in single-drive mode,1,0x3,25B-B2P5...
DeviceNet,00010095B2090200.eds,0001,149,45577,1.1,149,HS-DSI to DeviceNet,This is an EDS file for a PowerFlex 525 via a 25-COMM-D card in single-drive mode,2,0x2,25B-B2P5...
DeviceNet,00010095B2090300.eds,0001,149,45577,1.1,149,HS-DSI to DeviceNet,This is an EDS file for a PowerFlex 525 via a 25-COMM-D card in single-drive mode,3,0x1,25B-B2P5...
DeviceNet,00010095B2090400.eds,0001,149,45577,1.1,149,HS-DSI to DeviceNet,This is an EDS file for a PowerFlex 525 via a 25-COMM-D card in single-drive mode,4,0x1,25B-B2P5...
DeviceNet,00010095B2090500.eds,0001,149,45577,1.1,149,HS-DSI to DeviceNet,This is an EDS file for a PowerFlex 525 via a 25-COMM-D card in single-drive mode,5,0x1,25B-B2P5...
DeviceNet,0001007EB4090400.eds,0001,126,46089,1.1,126,DSI to DeviceNet,This is an EDS file for a PowerFlex 525 via a 22-COMM-D card in single-drive mode,4,0x1,25B-B5P0...
DeviceNet,0001007EB4090500.eds,0001,126,46089,1.1,126,DSI to DeviceNet,This is an EDS file for a PowerFlex 525 via a 22-COMM-D card in single-drive mode,5,0x1,25B-B5P0...
DeviceNet,00010095B4090100.eds,0001,149,46089,1.1,149,HS-DSI to DeviceNet,This is an EDS file for a PowerFlex 525 via a 25-COMM-D card in single-drive mode,1,0x3,25B-B5P0...
DeviceNet,00010095B4090200.eds,0001,149,46089,1.1,149,HS-DSI to DeviceNet,This is an EDS file for a PowerFlex 525 via a 25-COMM-D card in single-drive mode,2,0x2,25B-B5P0...
DeviceNet,00010095B4090300.eds,0001,149,46089,1.1,149,HS-DSI to DeviceNet,This is an EDS file for a PowerFlex 525 via a 25-COMM-D card in single-drive mode,3,0x1,25B-B5P0...
DeviceNet,00010095B4090400.eds,0001,149,46089,1.1,149,HS-DSI to DeviceNet,This is an EDS file for a PowerFlex 525 via a 25-COMM-D card in single-drive mode,4,0x1,25B-B5P0...
DeviceNet,00010095B4090500.eds,0001,149,46089,1.1,149,HS-DSI to DeviceNet,This is an EDS file for a PowerFlex 525 via a 25-COMM-D card in single-drive mode,5,0x1,25B-B5P0...
DeviceNet,0001007EB6090400.eds,0001,126,46601,1.1,126,DSI to DeviceNet,This is an EDS file for a PowerFlex 525 via a 22-COMM-D card in single-drive mode,4,0x1,25B-B8P0...
DeviceNet,0001007EB6090500.eds,0001,126,46601,1.1,126,DSI to DeviceNet,This is an EDS file for a PowerFlex 525 via a 22-COMM-D card in single-drive mode,5,0x1,25B-B8P0...
DeviceNet,00010095B6090100.eds,0001,149,46601,1.1,149,HS-DSI to DeviceNet,This is an EDS file for a PowerFlex 525 via a 25-COMM-D card in single-drive mode,1,0x3,25B-B8P0...
DeviceNet,00010095B6090200.eds,0001,149,46601,1.1,149,HS-DSI to DeviceNet,This is an EDS file for a PowerFlex 525 via a 25-COMM-D card in single-drive mode,2,0x2,25B-B8P0...
DeviceNet,00010095B6090300.eds,0001,149,46601,1.1,149,HS-DSI to DeviceNet,This is an EDS file for a PowerFlex 525 via a 25-COMM-D card in single-drive mode,3,0x1,25B-B8P0...
DeviceNet,00010095B6090400.eds,0001,149,46601,1.1,149,HS-DSI to DeviceNet,This is an EDS file for a PowerFlex 525 via a 25-COMM-D card in single-drive mode,4,0x1,25B-B8P0...
DeviceNet,00010095B6090500.eds,0001,149,46601,1.1,149,HS-DSI to DeviceNet,This is an EDS file for a PowerFlex 525 via a 25-COMM-D card in single-drive mode,5,0x1,25B-B8P0...
DeviceNet,0001007EB7090400.eds,0001,126,46857,1.1,126,DSI to DeviceNet,This is an EDS file for a PowerFlex 525 via a 22-COMM-D card in single-drive mode,4,0x1,25B-B011...
DeviceNet,0001007EB7090500.eds,0001,126,46857,1.1,126,DSI to DeviceNet,This is an EDS file for a PowerFlex 525 via a 22-COMM-D card in single-drive mode,5,0x1,25B-B011...
DeviceNet,00010095B7090100.eds,0001,149,46857,1.1,149,HS-DSI to DeviceNet,This is an EDS file for a PowerFlex 525 via a 25-COMM-D card in single-drive mode,1,0x3,25B-B011...
DeviceNet,00010095B7090200.eds,0001,149,46857,1.1,149,HS-DSI to DeviceNet,This is an EDS file for a PowerFlex 525 via a 25-COMM-D card in single-drive mode,2,0x2,25B-B011...
DeviceNet,00010095B7090300.eds,0001,149,46857,1.1,149,HS-DSI to DeviceNet,This is an EDS file for a PowerFlex 525 via a 25-COMM-D card in single-drive mode,3,0x1,25B-B011...
DeviceNet,00010095B7090400.eds,0001,149,46857,1.1,149,HS-DSI to DeviceNet,This is an EDS file for a PowerFlex 525 via a 25-COMM-D card in single-drive mode,4,0x1,25B-B011...
DeviceNet,00010095B7090500.eds,0001,149,46857,1.1,149,HS-DSI to DeviceNet,This is an EDS file for a PowerFlex 525 via a 25-COMM-D card in single-drive mode,5,0x1,25B-B011...
DeviceNet,0001007EB8090400.eds,0001,126,47113,1.1,126,DSI to DeviceNet,This is an EDS file for a PowerFlex 525 via a 22-COMM-D card in single-drive mode,4,0x1,25B-B017...
DeviceNet,0001007EB8090500.eds,0001,126,47113,1.1,126,DSI to DeviceNet,This is an EDS file for a PowerFlex 525 via a 22-COMM-D card in single-drive mode,5,0x1,25B-B017...
DeviceNet,00010095B8090100.eds,0001,149,47113,1.1,149,HS-DSI to DeviceNet,This is an EDS file for a PowerFlex 525 via a 25-COMM-D card in single-drive mode,1,0x3,25B-B017...
DeviceNet,00010095B8090200.eds,0001,149,47113,1.1,149,HS-DSI to DeviceNet,This is an EDS file for a PowerFlex 525 via a 25-COMM-D card in single-drive mode,2,0x2,25B-B017...
DeviceNet,00010095B8090300.eds,0001,149,47113,1.1,149,HS-DSI to DeviceNet,This is an EDS file for a PowerFlex 525 via a 25-COMM-D card in single-drive mode,3,0x1,25B-B017...
DeviceNet,00010095B8090400.eds,0001,149,47113,1.1,149,HS-DSI to DeviceNet,This is an EDS file for a PowerFlex 525 via a 25-COMM-D card in single-drive mode,4,0x1,25B-B017...
DeviceNet,00010095B8090500.eds,0001,149,47113,1.1,149,HS-DSI to DeviceNet,This is an EDS file for a PowerFlex 525 via a 25-COMM-D card in single-drive mode,5,0x1,25B-B017...
DeviceNet,0001007EB9090400.eds,0001,126,47369,1.1,126,DSI to DeviceNet,This is an EDS file for a PowerFlex 525 via a 22-COMM-D card in single-drive mode,4,0x1,25B-B024...
DeviceNet,0001007EB9090500.eds,0001,126,47369,1.1,126,DSI to DeviceNet,This is an EDS file for a PowerFlex 525 via a 22-COMM-D card in single-drive mode,5,0x1,25B-B024...
DeviceNet,00010095B9090100.eds,0001,149,47369,1.1,149,HS-DSI to DeviceNet,This is an EDS file for a PowerFlex 525 via a 25-COMM-D card in single-drive mode,1,0x3,25B-B024...
DeviceNet,00010095B9090200.eds,0001,149,47369,1.1,149,HS-DSI to DeviceNet,This is an EDS file for a PowerFlex 525 via a 25-COMM-D card in single-drive mode,2,0x2,25B-B024...
DeviceNet,00010095B9090300.eds,0001,149,47369,1.1,149,HS-DSI to DeviceNet,This is an EDS file for a PowerFlex 525 via a 25-COMM-D card in single-drive mode,3,0x1,25B-B024...
DeviceNet,00010095B9090400.eds,0001,149,47369,1.1,149,HS-DSI to DeviceNet,This is an EDS file for a PowerFlex 525 via a 25-COMM-D card in single-drive mode,4,0x1,25B-B024...
DeviceNet,00010095B9090500.eds,0001,149,47369,1.1,149,HS-DSI to DeviceNet,This is an EDS file for a PowerFlex 525 via a 25-COMM-D card in single-drive mode,5,0x1,25B-B024...
DeviceNet,0001007EBA090400.eds,0001,126,47625,1.1,126,DSI to DeviceNet,This is an EDS file for a PowerFlex 525 via a 22-COMM-D card in single-drive mode,4,0x1,25B-B032...
DeviceNet,0001007EBA090500.eds,0001,126,47625,1.1,126,DSI to DeviceNet,This is an EDS file for a PowerFlex 525 via a 22-COMM-D card in single-drive mode,5,0x1,25B-B032...
DeviceNet,00010095BA090100.eds,0001,149,47625,1.1,149,HS-DSI to DeviceNet,This is an EDS file for a PowerFlex 525 via a 25-COMM-D card in single-drive mode,1,0x3,25B-B032...
DeviceNet,00010095BA090200.eds,0001,149,47625,1.1,149,HS-DSI to DeviceNet,This is an EDS file for a PowerFlex 525 via a 25-COMM-D card in single-drive mode,2,0x2,25B-B032...
DeviceNet,00010095BA090300.eds,0001,149,47625,1.1,149,HS-DSI to DeviceNet,This is an EDS file for a PowerFlex 525 via a 25-COMM-D card in single-drive mode,3,0x1,25B-B032...
DeviceNet,00010095BA090400.eds,0001,149,47625,1.1,149,HS-DSI to DeviceNet,This is an EDS file for a PowerFlex 525 via a 25-COMM-D card in single-drive mode,4,0x1,25B-B032...
DeviceNet,00010095BA090500.eds,0001,149,47625,1.1,149,HS-DSI to DeviceNet,This is an EDS file for a PowerFlex 525 via a 25-COMM-D card in single-drive mode,5,0x1,25B-B032...
DeviceNet,0001007EBB090400.eds,0001,126,47881,1.1,126,DSI to DeviceNet,This is an EDS file for a PowerFlex 525 via a 22-COMM-D card in single-drive mode,4,0x1,25B-B048...
DeviceNet,0001007EBB090500.eds,0001,126,47881,1.1,126,DSI to DeviceNet,This is an EDS file for a PowerFlex 525 via a 22-COMM-D card in single-drive mode,5,0x1,25B-B048...
DeviceNet,00010095BB090100.eds,0001,149,47881,1.1,149,HS-DSI to DeviceNet,This is an EDS file for a PowerFlex 525 via a 25-COMM-D card in single-drive mode,1,0x3,25B-B048...
DeviceNet,00010095BB090200.eds,0001,149,47881,1.1,149,HS-DSI to DeviceNet,This is an EDS file for a PowerFlex 525 via a 25-COMM-D card in single-drive mode,2,0x2,25B-B048...
DeviceNet,00010095BB090300.eds,0001,149,47881,1.1,149,HS-DSI to DeviceNet,This is an EDS file for a PowerFlex 525 via a 25-COMM-D card in single-drive mode,3,0x1,25B-B048...
DeviceNet,00010095BB090400.eds,0001,149,47881,1.1,149,HS-DSI to DeviceNet,This is an EDS file for a PowerFlex 525 via a 25-COMM-D card in single-drive mode,4,0x1,25B-B048...
DeviceNet,00010095BB090500.eds,0001,149,47881,1.1,149,HS-DSI to DeviceNet,This is an EDS file for a PowerFlex 525 via a 25-COMM-D card in single-drive mode,5,0x1,25B-B048...
DeviceNet,0001007EBC090400.eds,0001,126,48137,1.1,126,DSI to DeviceNet,This is an EDS file for a PowerFlex 525 via a 22-COMM-D card in single-drive mode,4,0x1,25B-B062...
DeviceNet,0001007EBC090500.eds,0001,126,48137,1.1,126,DSI to DeviceNet,This is an EDS file for a PowerFlex 525 via a 22-COMM-D card in single-drive mode,5,0x1,25B-B062...
DeviceNet,00010095BC090100.eds,0001,149,48137,1.1,149,HS-DSI to DeviceNet,This is an EDS file for a PowerFlex 525 via a 25-COMM-D card in single-drive mode,1,0x3,25B-B062...
DeviceNet,00010095BC090200.eds,0001,149,48137,1.1,149,HS-DSI to DeviceNet,This is an EDS file for a PowerFlex 525 via a 25-COMM-D card in single-drive mode,2,0x2,25B-B062...
DeviceNet,00010095BC090300.eds,0001,149,48137,1.1,149,HS-DSI to DeviceNet,This is an EDS file for a PowerFlex 525 via a 25-COMM-D card in single-drive mode,3,0x1,25B-B062...
DeviceNet,00010095BC090400.eds,0001,149,48137,1.1,149,HS-DSI to DeviceNet,This is an EDS file for a PowerFlex 525 via a 25-COMM-D card in single-drive mode,4,0x1,25B-B062...
DeviceNet,00010095BC090500.eds,0001,149,48137,1.1,149,HS-DSI to DeviceNet,This is an EDS file for a PowerFlex 525 via a 25-COMM-D card in single-drive mode,5,0x1,25B-B062...
DeviceNet,0001007EC2090400.eds,0001,126,49673,1.1,126,DSI to DeviceNet,This is an EDS file for a PowerFlex 525 via a 22-COMM-D card in single-drive mode,4,0x1,25B-D1P4...
DeviceNet,0001007EC2090500.eds,0001,126,49673,1.1,126,DSI to DeviceNet,This is an EDS file for a PowerFlex 525 via a 22-COMM-D card in single-drive mode,5,0x1,25B-D1P4...
DeviceNet,00010095C2090100.eds,0001,149,49673,1.1,149,HS-DSI to DeviceNet,This is an EDS file for a PowerFlex 525 via a 25-COMM-D card in single-drive mode,1,0x3,25B-D1P4...
DeviceNet,00010095C2090200.eds,0001,149,49673,1.1,149,HS-DSI to DeviceNet,This is an EDS file for a PowerFlex 525 via a 25-COMM-D card in single-drive mode,2,0x2,25B-D1P4...
DeviceNet,00010095C2090300.eds,0001,149,49673,1.1,149,HS-DSI to DeviceNet,This is an EDS file for a PowerFlex 525 via a 25-COMM-D card in single-drive mode,3,0x1,25B-D1P4...
DeviceNet,00010095C2090400.eds,0001,149,49673,1.1,149,HS-DSI to DeviceNet,This is an EDS file for a PowerFlex 525 via a 25-COMM-D card in single-drive mode,4,0x1,25B-D1P4...
DeviceNet,00010095C2090500.eds,0001,149,49673,1.1,149,HS-DSI to DeviceNet,This is an EDS file for a PowerFlex 525 via a 25-COMM-D card in single-drive mode,5,0x1,25B-D1P4...
DeviceNet,0001007EC4090400.eds,0001,126,50185,1.1,126,DSI to DeviceNet,This is an EDS file for a PowerFlex 525 via a 22-COMM-D card in single-drive mode,4,0x1,25B-D2P3...
DeviceNet,0001007EC4090500.eds,0001,126,50185,1.1,126,DSI to DeviceNet,This is an EDS file for a PowerFlex 525 via a 22-COMM-D card in single-drive mode,5,0x1,25B-D2P3...
DeviceNet,00010095C4090100.eds,0001,149,50185,1.1,149,HS-DSI to DeviceNet,This is an EDS file for a PowerFlex 525 via a 25-COMM-D card in single-drive mode,1,0x3,25B-D2P3...
DeviceNet,00010095C4090200.eds,0001,149,50185,1.1,149,HS-DSI to DeviceNet,This is an EDS file for a PowerFlex 525 via a 25-COMM-D card in single-drive mode,2,0x2,25B-D2P3...
DeviceNet,00010095C4090300.eds,0001,149,50185,1.1,149,HS-DSI to DeviceNet,This is an EDS file for a PowerFlex 525 via a 25-COMM-D card in single-drive mode,3,0x1,25B-D2P3...
DeviceNet,00010095C4090400.eds,0001,149,50185,1.1,149,HS-DSI to DeviceNet,This is an EDS file for a PowerFlex 525 via a 25-COMM-D card in single-drive mode,4,0x1,25B-D2P3...
DeviceNet,00010095C4090500.eds,0001,149,50185,1.1,149,HS-DSI to DeviceNet,This is an EDS file for a PowerFlex 525 via a 25-COMM-D card in single-drive mode,5,0x1,25B-D2P3...
DeviceNet,0001007EC6090400.eds,0001,126,50697,1.1,126,DSI to DeviceNet,This is an EDS file for a PowerFlex 525 via a 22-COMM-D card in single-drive mode,4,0x1,25B-D4P0...
DeviceNet,0001007EC6090500.eds,0001,126,50697,1.1,126,DSI to DeviceNet,This is an EDS file for a PowerFlex 525 via a 22-COMM-D card in single-drive mode,5,0x1,25B-D4P0...
DeviceNet,00010095C6090100.eds,0001,149,50697,1.1,149,HS-DSI to DeviceNet,This is an EDS file for a PowerFlex 525 via a 25-COMM-D card in single-drive mode,1,0x3,25B-D4P0...
DeviceNet,00010095C6090200.eds,0001,149,50697,1.1,149,HS-DSI to DeviceNet,This is an EDS file for a PowerFlex 525 via a 25-COMM-D card in single-drive mode,2,0x2,25B-D4P0...
DeviceNet,00010095C6090300.eds,0001,149,50697,1.1,149,HS-DSI to DeviceNet,This is an EDS file for a PowerFlex 525 via a 25-COMM-D card in single-drive mode,3,0x1,25B-D4P0...
DeviceNet,00010095C6090400.eds,0001,149,50697,1.1,149,HS-DSI to DeviceNet,This is an EDS file for a PowerFlex 525 via a 25-COMM-D card in single-drive mode,4,0x1,25B-D4P0...
DeviceNet,00010095C6090500.eds,0001,149,50697,1.1,149,HS-DSI to DeviceNet,This is an EDS file for a PowerFlex 525 via a 25-COMM-D card in single-drive mode,5,0x1,25B-D4P0...
DeviceNet,0001007EC7090400.eds,0001,126,50953,1.1,126,DSI to DeviceNet,This is an EDS file for a PowerFlex 525 via a 22-COMM-D card in single-drive mode,4,0x1,25B-D6P0...
DeviceNet,0001007EC7090500.eds,0001,126,50953,1.1,126,DSI to DeviceNet,This is an EDS file for a PowerFlex 525 via a 22-COMM-D card in single-drive mode,5,0x1,25B-D6P0...
DeviceNet,00010095C7090100.eds,0001,149,50953,1.1,149,HS-DSI to DeviceNet,This is an EDS file for a PowerFlex 525 via a 25-COMM-D card in single-drive mode,1,0x3,25B-D6P0...
DeviceNet,00010095C7090200.eds,0001,149,50953,1.1,149,HS-DSI to DeviceNet,This is an EDS file for a PowerFlex 525 via a 25-COMM-D card in single-drive mode,2,0x2,25B-D6P0...
DeviceNet,00010095C7090300.eds,0001,149,50953,1.1,149,HS-DSI to DeviceNet,This is an EDS file for a PowerFlex 525 via a 25-COMM-D card in single-drive mode,3,0x1,25B-D6P0...
DeviceNet,00010095C7090400.eds,0001,149,50953,1.1,149,HS-DSI to DeviceNet,This is an EDS file for a PowerFlex 525 via a 25-COMM-D card in single-drive mode,4,0x1,25B-D6P0...
DeviceNet,00010095C7090500.eds,0001,149,50953,1.1,149,HS-DSI to DeviceNet,This is an EDS file for a PowerFlex 525 via a 25-COMM-D card in single-drive mode,5,0x1,25B-D6P0...
DeviceNet,0001007EC8090400.eds,0001,126,51209,1.1,126,DSI to DeviceNet,This is an EDS file for a PowerFlex 525 via a 22-COMM-D card in single-drive mode,4,0x1,25B-D010...
DeviceNet,0001007EC8090500.eds,0001,126,51209,1.1,126,DSI to DeviceNet,This is an EDS file for a PowerFlex 525 via a 22-COMM-D card in single-drive mode,5,0x1,25B-D010...
DeviceNet,00010095C8090100.eds,0001,149,51209,1.1,149,HS-DSI to DeviceNet,This is an EDS file for a PowerFlex 525 via a 25-COMM-D card in single-drive mode,1,0x3,25B-D010...
DeviceNet,00010095C8090200.eds,0001,149,51209,1.1,149,HS-DSI to DeviceNet,This is an EDS file for a PowerFlex 525 via a 25-COMM-D card in single-drive mode,2,0x2,25B-D010...
DeviceNet,00010095C8090300.eds,0001,149,51209,1.1,149,HS-DSI to DeviceNet,This is an EDS file for a PowerFlex 525 via a 25-COMM-D card in single-drive mode,3,0x1,25B-D010...
DeviceNet,00010095C8090400.eds,0001,149,51209,1.1,149,HS-DSI to DeviceNet,This is an EDS file for a PowerFlex 525 via a 25-COMM-D card in single-drive mode,4,0x1,25B-D010...
DeviceNet,00010095C8090500.eds,0001,149,51209,1.1,149,HS-DSI to DeviceNet,This is an EDS file for a PowerFlex 525 via a 25-COMM-D card in single-drive mode,5,0x1,25B-D010...
DeviceNet,0001007EC9090400.eds,0001,126,51465,1.1,126,DSI to DeviceNet,This is an EDS file for a PowerFlex 525 via a 22-COMM-D card in single-drive mode,4,0x1,25B-D013...
DeviceNet,0001007EC9090500.eds,0001,126,51465,1.1,126,DSI to DeviceNet,This is an EDS file for a PowerFlex 525 via a 22-COMM-D card in single-drive mode,5,0x1,25B-D013...
DeviceNet,00010095C9090100.eds,0001,149,51465,1.1,149,HS-DSI to DeviceNet,This is an EDS file for a PowerFlex 525 via a 25-COMM-D card in single-drive mode,1,0x3,25B-D013...
DeviceNet,00010095C9090200.eds,0001,149,51465,1.1,149,HS-DSI to DeviceNet,This is an EDS file for a PowerFlex 525 via a 25-COMM-D card in single-drive mode,2,0x2,25B-D013...
DeviceNet,00010095C9090300.eds,0001,149,51465,1.1,149,HS-DSI to DeviceNet,This is an EDS file for a PowerFlex 525 via a 25-COMM-D card in single-drive mode,3,0x1,25B-D013...
DeviceNet,00010095C9090400.eds,0001,149,51465,1.1,149,HS-DSI to DeviceNet,This is an EDS file for a PowerFlex 525 via a 25-COMM-D card in single-drive mode,4,0x1,25B-D013...
DeviceNet,00010095C9090500.eds,0001,149,51465,1.1,149,HS-DSI to DeviceNet,This is an EDS file for a PowerFlex 525 via a 25-COMM-D card in single-drive mode,5,0x1,25B-D013...
DeviceNet,0001007ECA090400.eds,0001,126,51721,1.1,126,DSI to DeviceNet,This is an EDS file for a PowerFlex 525 via a 22-COMM-D card in single-drive mode,4,0x1,25B-D017...
DeviceNet,0001007ECA090500.eds,0001,126,51721,1.1,126,DSI to DeviceNet,This is an EDS file for a PowerFlex 525 via a 22-COMM-D card in single-drive mode,5,0x1,25B-D017...
DeviceNet,00010095CA090100.eds,0001,149,51721,1.1,149,HS-DSI to DeviceNet,This is an EDS file for a PowerFlex 525 via a 25-COMM-D card in single-drive mode,1,0x3,25B-D017...
DeviceNet,00010095CA090200.eds,0001,149,51721,1.1,149,HS-DSI to DeviceNet,This is an EDS file for a PowerFlex 525 via a 25-COMM-D card in single-drive mode,2,0x2,25B-D017...
DeviceNet,00010095CA090300.eds,0001,149,51721,1.1,149,HS-DSI to DeviceNet,This is an EDS file for a PowerFlex 525 via a 25-COMM-D card in single-drive mode,3,0x1,25B-D017...
DeviceNet,00010095CA090400.eds,0001,149,51721,1.1,149,HS-DSI to DeviceNet,This is an EDS file for a PowerFlex 525 via a 25-COMM-D card in single-drive mode,4,0x1,25B-D017...
DeviceNet,00010095CA090500.eds,0001,149,51721,1.1,149,HS-DSI to DeviceNet,This is an EDS file for a PowerFlex 525 via a 25-COMM-D card in single-drive mode,5,0x1,25B-D017...
DeviceNet,0001007ECB090400.eds,0001,126,51977,1.1,126,DSI to DeviceNet,This is an EDS file for a PowerFlex 525 via a 22-COMM-D card in single-drive mode,4,0x1,25B-D024...
DeviceNet,0001007ECB090500.eds,0001,126,51977,1.1,126,DSI to DeviceNet,This is an EDS file for a PowerFlex 525 via a 22-COMM-D card in single-drive mode,5,0x1,25B-D024...
DeviceNet,00010095CB090100.eds,0001,149,51977,1.1,149,HS-DSI to DeviceNet,This is an EDS file for a PowerFlex 525 via a 25-COMM-D card in single-drive mode,1,0x3,25B-D024...
DeviceNet,00010095CB090200.eds,0001,149,51977,1.1,149,HS-DSI to DeviceNet,This is an EDS file for a PowerFlex 525 via a 25-COMM-D card in single-drive mode,2,0x2,25B-D024...
DeviceNet,00010095CB090300.eds,0001,149,51977,1.1,149,HS-DSI to DeviceNet,This is an EDS file for a PowerFlex 525 via a 25-COMM-D card in single-drive mode,3,0x1,25B-D024...
DeviceNet,00010095CB090400.eds,0001,149,51977,1.1,149,HS-DSI to DeviceNet,This is an EDS file for a PowerFlex 525 via a 25-COMM-D card in single-drive mode,4,0x1,25B-D024...
DeviceNet,00010095CB090500.eds,0001,149,51977,1.1,149,HS-DSI to DeviceNet,This is an EDS file for a PowerFlex 525 via a 25-COMM-D card in single-drive mode,5,0x1,25B-D024...
DeviceNet,0001007ECC090400.eds,0001,126,52233,1.1,126,DSI to DeviceNet,This is an EDS file for a PowerFlex 525 via a 22-COMM-D card in single-drive mode,4,0x1,25B-D030...
DeviceNet,0001007ECC090500.eds,0001,126,52233,1.1,126,DSI to DeviceNet,This is an EDS file for a PowerFlex 525 via a 22-COMM-D card in single-drive mode,5,0x1,25B-D030...
DeviceNet,00010095CC090100.eds,0001,149,52233,1.1,149,HS-DSI to DeviceNet,This is an EDS file for a PowerFlex 525 via a 25-COMM-D card in single-drive mode,1,0x3,25B-D030...
DeviceNet,00010095CC090200.eds,0001,149,52233,1.1,149,HS-DSI to DeviceNet,This is an EDS file for a PowerFlex 525 via a 25-COMM-D card in single-drive mode,2,0x2,25B-D030...
DeviceNet,00010095CC090300.eds,0001,149,52233,1.1,149,HS-DSI to DeviceNet,This is an EDS file for a PowerFlex 525 via a 25-COMM-D card in single-drive mode,3,0x1,25B-D030...
DeviceNet,00010095CC090400.eds,0001,149,52233,1.1,149,HS-DSI to DeviceNet,This is an EDS file for a PowerFlex 525 via a 25-COMM-D card in single-drive mode,4,0x1,25B-D030...
DeviceNet,00010095CC090500.eds,0001,149,52233,1.1,149,HS-DSI to DeviceNet,This is an EDS file for a PowerFlex 525 via a 25-COMM-D card in single-drive mode,5,0x1,25B-D030...
DeviceNet,0001007ECD090400.eds,0001,126,52489,1.1,126,DSI to DeviceNet,This is an EDS file for a PowerFlex 525 via a 22-COMM-D card in single-drive mode,4,0x1,25B-D037...
DeviceNet,0001007ECD090500.eds,0001,126,52489,1.1,126,DSI to DeviceNet,This is an EDS file for a PowerFlex 525 via a 22-COMM-D card in single-drive mode,5,0x1,25B-D037...
DeviceNet,00010095CD090100.eds,0001,149,52489,1.1,149,HS-DSI to DeviceNet,This is an EDS file for a PowerFlex 525 via a 25-COMM-D card in single-drive mode,1,0x3,25B-D037...
DeviceNet,00010095CD090200.eds,0001,149,52489,1.1,149,HS-DSI to DeviceNet,This is an EDS file for a PowerFlex 525 via a 25-COMM-D card in single-drive mode,2,0x2,25B-D037...
DeviceNet,00010095CD090300.eds,0001,149,52489,1.1,149,HS-DSI to DeviceNet,This is an EDS file for a PowerFlex 525 via a 25-COMM-D card in single-drive mode,3,0x1,25B-D037...
DeviceNet,00010095CD090400.eds,0001,149,52489,1.1,149,HS-DSI to DeviceNet,This is an EDS file for a PowerFlex 525 via a 25-COMM-D card in single-drive mode,4,0x1,25B-D037...
DeviceNet,00010095CD090500.eds,0001,149,52489,1.1,149,HS-DSI to DeviceNet,This is an EDS file for a PowerFlex 525 via a 25-COMM-D card in single-drive mode,5,0x1,25B-D037...
DeviceNet,0001007ECE090400.eds,0001,126,52745,1.1,126,DSI to DeviceNet,This is an EDS file for a PowerFlex 525 via a 22-COMM-D card in single-drive mode,4,0x1,25B-D043...
DeviceNet,0001007ECE090500.eds,0001,126,52745,1.1,126,DSI to DeviceNet,This is an EDS file for a PowerFlex 525 via a 22-COMM-D card in single-drive mode,5,0x1,25B-D043...
DeviceNet,00010095CE090100.eds,0001,149,52745,1.1,149,HS-DSI to DeviceNet,This is an EDS file for a PowerFlex 525 via a 25-COMM-D card in single-drive mode,1,0x3,25B-D043...
DeviceNet,00010095CE090200.eds,0001,149,52745,1.1,149,HS-DSI to DeviceNet,This is an EDS file for a PowerFlex 525 via a 25-COMM-D card in single-drive mode,2,0x2,25B-D043...
DeviceNet,00010095CE090300.eds,0001,149,52745,1.1,149,HS-DSI to DeviceNet,This is an EDS file for a PowerFlex 525 via a 25-COMM-D card in single-drive mode,3,0x1,25B-D043...
DeviceNet,00010095CE090400.eds,0001,149,52745,1.1,149,HS-DSI to DeviceNet,This is an EDS file for a PowerFlex 525 via a 25-COMM-D card in single-drive mode,4,0x1,25B-D043...
DeviceNet,00010095CE090500.eds,0001,149,52745,1.1,149,HS-DSI to DeviceNet,This is an EDS file for a PowerFlex 525 via a 25-COMM-D card in single-drive mode,5,0x1,25B-D043...
DeviceNet,0001007ED2090400.eds,0001,126,53769,1.1,126,DSI to DeviceNet,This is an EDS file for a PowerFlex 525 via a 22-COMM-D card in single-drive mode,4,0x1,25B-E0P9...
DeviceNet,0001007ED2090500.eds,0001,126,53769,1.1,126,DSI to DeviceNet,This is an EDS file for a PowerFlex 525 via a 22-COMM-D card in single-drive mode,5,0x1,25B-E0P9...
DeviceNet,00010095D2090100.eds,0001,149,53769,1.1,149,HS-DSI to DeviceNet,This is an EDS file for a PowerFlex 525 via a 25-COMM-D card in single-drive mode,1,0x3,25B-E0P9...
DeviceNet,00010095D2090200.eds,0001,149,53769,1.1,149,HS-DSI to DeviceNet,This is an EDS file for a PowerFlex 525 via a 25-COMM-D card in single-drive mode,2,0x2,25B-E0P9...
DeviceNet,00010095D2090300.eds,0001,149,53769,1.1,149,HS-DSI to DeviceNet,This is an EDS file for a PowerFlex 525 via a 25-COMM-D card in single-drive mode,3,0x1,25B-E0P9...
DeviceNet,00010095D2090400.eds,0001,149,53769,1.1,149,HS-DSI to DeviceNet,This is an EDS file for a PowerFlex 525 via a 25-COMM-D card in single-drive mode,4,0x1,25B-E0P9...
DeviceNet,00010095D2090500.eds,0001,149,53769,1.1,149,HS-DSI to DeviceNet,This is an EDS file for a PowerFlex 525 via a 25-COMM-D card in single-drive mode,5,0x1,25B-E0P9...
DeviceNet,0001007ED4090400.eds,0001,126,54281,1.1,126,DSI to DeviceNet,This is an EDS file for a PowerFlex 525 via a 22-COMM-D card in single-drive mode,4,0x1,25B-E1P7...
DeviceNet,0001007ED4090500.eds,0001,126,54281,1.1,126,DSI to DeviceNet,This is an EDS file for a PowerFlex 525 via a 22-COMM-D card in single-drive mode,5,0x1,25B-E1P7...
DeviceNet,00010095D4090100.eds,0001,149,54281,1.1,149,HS-DSI to DeviceNet,This is an EDS file for a PowerFlex 525 via a 25-COMM-D card in single-drive mode,1,0x3,25B-E1P7...
DeviceNet,00010095D4090200.eds,0001,149,54281,1.1,149,HS-DSI to DeviceNet,This is an EDS file for a PowerFlex 525 via a 25-COMM-D card in single-drive mode,2,0x2,25B-E1P7...
DeviceNet,00010095D4090300.eds,0001,149,54281,1.1,149,HS-DSI to DeviceNet,This is an EDS file for a PowerFlex 525 via a 25-COMM-D card in single-drive mode,3,0x1,25B-E1P7...
DeviceNet,00010095D4090400.eds,0001,149,54281,1.1,149,HS-DSI to DeviceNet,This is an EDS file for a PowerFlex 525 via a 25-COMM-D card in single-drive mode,4,0x1,25B-E1P7...
DeviceNet,00010095D4090500.eds,0001,149,54281,1.1,149,HS-DSI to DeviceNet,This is an EDS file for a PowerFlex 525 via a 25-COMM-D card in single-drive mode,5,0x1,25B-E1P7...
DeviceNet,0001007ED6090400.eds,0001,126,54793,1.1,126,DSI to DeviceNet,This is an EDS file for a PowerFlex 525 via a 22-COMM-D card in single-drive mode,4,0x1,25B-E3P0...
DeviceNet,0001007ED6090500.eds,0001,126,54793,1.1,126,DSI to DeviceNet,This is an EDS file for a PowerFlex 525 via a 22-COMM-D card in single-drive mode,5,0x1,25B-E3P0...
DeviceNet,00010095D6090100.eds,0001,149,54793,1.1,149,HS-DSI to DeviceNet,This is an EDS file for a PowerFlex 525 via a 25-COMM-D card in single-drive mode,1,0x3,25B-E3P0...
DeviceNet,00010095D6090200.eds,0001,149,54793,1.1,149,HS-DSI to DeviceNet,This is an EDS file for a PowerFlex 525 via a 25-COMM-D card in single-drive mode,2,0x2,25B-E3P0...
DeviceNet,00010095D6090300.eds,0001,149,54793,1.1,149,HS-DSI to DeviceNet,This is an EDS file for a PowerFlex 525 via a 25-COMM-D card in single-drive mode,3,0x1,25B-E3P0...
DeviceNet,00010095D6090400.eds,0001,149,54793,1.1,149,HS-DSI to DeviceNet,This is an EDS file for a PowerFlex 525 via a 25-COMM-D card in single-drive mode,4,0x1,25B-E3P0...
DeviceNet,00010095D6090500.eds,0001,149,54793,1.1,149,HS-DSI to DeviceNet,This is an EDS file for a PowerFlex 525 via a 25-COMM-D card in single-drive mode,5,0x1,25B-E3P0...
DeviceNet,0001007ED7090400.eds,0001,126,55049,1.1,126,DSI to DeviceNet,This is an EDS file for a PowerFlex 525 via a 22-COMM-D card in single-drive mode,4,0x1,25B-E4P2...
DeviceNet,0001007ED7090500.eds,0001,126,55049,1.1,126,DSI to DeviceNet,This is an EDS file for a PowerFlex 525 via a 22-COMM-D card in single-drive mode,5,0x1,25B-E4P2...
DeviceNet,00010095D7090100.eds,0001,149,55049,1.1,149,HS-DSI to DeviceNet,This is an EDS file for a PowerFlex 525 via a 25-COMM-D card in single-drive mode,1,0x3,25B-E4P2...
DeviceNet,00010095D7090200.eds,0001,149,55049,1.1,149,HS-DSI to DeviceNet,This is an EDS file for a PowerFlex 525 via a 25-COMM-D card in single-drive mode,2,0x2,25B-E4P2...
DeviceNet,00010095D7090300.eds,0001,149,55049,1.1,149,HS-DSI to DeviceNet,This is an EDS file for a PowerFlex 525 via a 25-COMM-D card in single-drive mode,3,0x1,25B-E4P2...
DeviceNet,00010095D7090400.eds,0001,149,55049,1.1,149,HS-DSI to DeviceNet,This is an EDS file for a PowerFlex 525 via a 25-COMM-D card in single-drive mode,4,0x1,25B-E4P2...
DeviceNet,00010095D7090500.eds,0001,149,55049,1.1,149,HS-DSI to DeviceNet,This is an EDS file for a PowerFlex 525 via a 25-COMM-D card in single-drive mode,5,0x1,25B-E4P2...
DeviceNet,0001007ED8090400.eds,0001,126,55305,1.1,126,DSI to DeviceNet,This is an EDS file for a PowerFlex 525 via a 22-COMM-D card in single-drive mode,4,0x1,25B-E6P6...
DeviceNet,0001007ED8090500.eds,0001,126,55305,1.1,126,DSI to DeviceNet,This is an EDS file for a PowerFlex 525 via a 22-COMM-D card in single-drive mode,5,0x1,25B-E6P6...
DeviceNet,00010095D8090100.eds,0001,149,55305,1.1,149,HS-DSI to DeviceNet,This is an EDS file for a PowerFlex 525 via a 25-COMM-D card in single-drive mode,1,0x3,25B-E6P6...
DeviceNet,00010095D8090200.eds,0001,149,55305,1.1,149,HS-DSI to DeviceNet,This is an EDS file for a PowerFlex 525 via a 25-COMM-D card in single-drive mode,2,0x2,25B-E6P6...
DeviceNet,00010095D8090300.eds,0001,149,55305,1.1,149,HS-DSI to DeviceNet,This is an EDS file for a PowerFlex 525 via a 25-COMM-D card in single-drive mode,3,0x1,25B-E6P6...
DeviceNet,00010095D8090400.eds,0001,149,55305,1.1,149,HS-DSI to DeviceNet,This is an EDS file for a PowerFlex 525 via a 25-COMM-D card in single-drive mode,4,0x1,25B-E6P6...
DeviceNet,00010095D8090500.eds,0001,149,55305,1.1,149,HS-DSI to DeviceNet,This is an EDS file for a PowerFlex 525 via a 25-COMM-D card in single-drive mode,5,0x1,25B-E6P6...
DeviceNet,0001007ED9090400.eds,0001,126,55561,1.1,126,DSI to DeviceNet,This is an EDS file for a PowerFlex 525 via a 22-COMM-D card in single-drive mode,4,0x1,25B-E9P9...
DeviceNet,0001007ED9090500.eds,0001,126,55561,1.1,126,DSI to DeviceNet,This is an EDS file for a PowerFlex 525 via a 22-COMM-D card in single-drive mode,5,0x1,25B-E9P9...
DeviceNet,00010095D9090100.eds,0001,149,55561,1.1,149,HS-DSI to DeviceNet,This is an EDS file for a PowerFlex 525 via a 25-COMM-D card in single-drive mode,1,0x3,25B-E9P9...
DeviceNet,00010095D9090200.eds,0001,149,55561,1.1,149,HS-DSI to DeviceNet,This is an EDS file for a PowerFlex 525 via a 25-COMM-D card in single-drive mode,2,0x2,25B-E9P9...
DeviceNet,00010095D9090300.eds,0001,149,55561,1.1,149,HS-DSI to DeviceNet,This is an EDS file for a PowerFlex 525 via a 25-COMM-D card in single-drive mode,3,0x1,25B-E9P9...
DeviceNet,00010095D9090400.eds,0001,149,55561,1.1,149,HS-DSI to DeviceNet,This is an EDS file for a PowerFlex 525 via a 25-COMM-D card in single-drive mode,4,0x1,25B-E9P9...
DeviceNet,00010095D9090500.eds,0001,149,55561,1.1,149,HS-DSI to DeviceNet,This is an EDS file for a PowerFlex 525 via a 25-COMM-D card in single-drive mode,5,0x1,25B-E9P9...
DeviceNet,0001007EDA090400.eds,0001,126,55817,1.1,126,DSI to DeviceNet,This is an EDS file for a PowerFlex 525 via a 22-COMM-D card in single-drive mode,4,0x1,25B-E012...
DeviceNet,0001007EDA090500.eds,0001,126,55817,1.1,126,DSI to DeviceNet,This is an EDS file for a PowerFlex 525 via a 22-COMM-D card in single-drive mode,5,0x1,25B-E012...
DeviceNet,00010095DA090100.eds,0001,149,55817,1.1,149,HS-DSI to DeviceNet,This is an EDS file for a PowerFlex 525 via a 25-COMM-D card in single-drive mode,1,0x3,25B-E012...
DeviceNet,00010095DA090200.eds,0001,149,55817,1.1,149,HS-DSI to DeviceNet,This is an EDS file for a PowerFlex 525 via a 25-COMM-D card in single-drive mode,2,0x2,25B-E012...
DeviceNet,00010095DA090300.eds,0001,149,55817,1.1,149,HS-DSI to DeviceNet,This is an EDS file for a PowerFlex 525 via a 25-COMM-D card in single-drive mode,3,0x1,25B-E012...
DeviceNet,00010095DA090400.eds,0001,149,55817,1.1,149,HS-DSI to DeviceNet,This is an EDS file for a PowerFlex 525 via a 25-COMM-D card in single-drive mode,4,0x1,25B-E012...
DeviceNet,00010095DA090500.eds,0001,149,55817,1.1,149,HS-DSI to DeviceNet,This is an EDS file for a PowerFlex 525 via a 25-COMM-D card in single-drive mode,5,0x1,25B-E012...
DeviceNet,0001007EDB090400.eds,0001,126,56073,1.1,126,DSI to DeviceNet,This is an EDS file for a PowerFlex 525 via a 22-COMM-D card in single-drive mode,4,0x1,25B-E019...
DeviceNet,0001007EDB090500.eds,0001,126,56073,1.1,126,DSI to DeviceNet,This is an EDS file for a PowerFlex 525 via a 22-COMM-D card in single-drive mode,5,0x1,25B-E019...
DeviceNet,00010095DB090100.eds,0001,149,56073,1.1,149,HS-DSI to DeviceNet,This is an EDS file for a PowerFlex 525 via a 25-COMM-D card in single-drive mode,1,0x3,25B-E019...
DeviceNet,00010095DB090200.eds,0001,149,56073,1.1,149,HS-DSI to DeviceNet,This is an EDS file for a PowerFlex 525 via a 25-COMM-D card in single-drive mode,2,0x2,25B-E019...
DeviceNet,00010095DB090300.eds,0001,149,56073,1.1,149,HS-DSI to DeviceNet,This is an EDS file for a PowerFlex 525 via a 25-COMM-D card in single-drive mode,3,0x1,25B-E019...
DeviceNet,00010095DB090400.eds,0001,149,56073,1.1,149,HS-DSI to DeviceNet,This is an EDS file for a PowerFlex 525 via a 25-COMM-D card in single-drive mode,4,0x1,25B-E019...
DeviceNet,00010095DB090500.eds,0001,149,56073,1.1,149,HS-DSI to DeviceNet,This is an EDS file for a PowerFlex 525 via a 25-COMM-D card in single-drive mode,5,0x1,25B-E019...
DeviceNet,0001007EDC090400.eds,0001,126,56329,1.1,126,DSI to DeviceNet,This is an EDS file for a PowerFlex 525 via a 22-COMM-D card in single-drive mode,4,0x1,25B-E022...
DeviceNet,0001007EDC090500.eds,0001,126,56329,1.1,126,DSI to DeviceNet,This is an EDS file for a PowerFlex 525 via a 22-COMM-D card in single-drive mode,5,0x1,25B-E022...
DeviceNet,00010095DC090100.eds,0001,149,56329,1.1,149,HS-DSI to DeviceNet,This is an EDS file for a PowerFlex 525 via a 25-COMM-D card in single-drive mode,1,0x3,25B-E022...
DeviceNet,00010095DC090200.eds,0001,149,56329,1.1,149,HS-DSI to DeviceNet,This is an EDS file for a PowerFlex 525 via a 25-COMM-D card in single-drive mode,2,0x2,25B-E022...
DeviceNet,00010095DC090300.eds,0001,149,56329,1.1,149,HS-DSI to DeviceNet,This is an EDS file for a PowerFlex 525 via a 25-COMM-D card in single-drive mode,3,0x1,25B-E022...
DeviceNet,00010095DC090400.eds,0001,149,56329,1.1,149,HS-DSI to DeviceNet,This is an EDS file for a PowerFlex 525 via a 25-COMM-D card in single-drive mode,4,0x1,25B-E022...
DeviceNet,00010095DC090500.eds,0001,149,56329,1.1,149,HS-DSI to DeviceNet,This is an EDS file for a PowerFlex 525 via a 25-COMM-D card in single-drive mode,5,0x1,25B-E022...
DeviceNet,0001007EDD090400.eds,0001,126,56585,1.1,126,DSI to DeviceNet,This is an EDS file for a PowerFlex 525 via a 22-COMM-D card in single-drive mode,4,0x1,25B-E027...
DeviceNet,0001007EDD090500.eds,0001,126,56585,1.1,126,DSI to DeviceNet,This is an EDS file for a PowerFlex 525 via a 22-COMM-D card in single-drive mode,5,0x1,25B-E027...
DeviceNet,00010095DD090100.eds,0001,149,56585,1.1,149,HS-DSI to DeviceNet,This is an EDS file for a PowerFlex 525 via a 25-COMM-D card in single-drive mode,1,0x3,25B-E027...
DeviceNet,00010095DD090200.eds,0001,149,56585,1.1,149,HS-DSI to DeviceNet,This is an EDS file for a PowerFlex 525 via a 25-COMM-D card in single-drive mode,2,0x2,25B-E027...
DeviceNet,00010095DD090300.eds,0001,149,56585,1.1,149,HS-DSI to DeviceNet,This is an EDS file for a PowerFlex 525 via a 25-COMM-D card in single-drive mode,3,0x1,25B-E027...
DeviceNet,00010095DD090400.eds,0001,149,56585,1.1,149,HS-DSI to DeviceNet,This is an EDS file for a PowerFlex 525 via a 25-COMM-D card in single-drive mode,4,0x1,25B-E027...
DeviceNet,00010095DD090500.eds,0001,149,56585,1.1,149,HS-DSI to DeviceNet,This is an EDS file for a PowerFlex 525 via a 25-COMM-D card in single-drive mode,5,0x1,25B-E027...
DeviceNet,0001007EDE090400.eds,0001,126,56841,1.1,126,DSI to DeviceNet,This is an EDS file for a PowerFlex 525 via a 22-COMM-D card in single-drive mode,4,0x1,25B-E032...
DeviceNet,0001007EDE090500.eds,0001,126,56841,1.1,126,DSI to DeviceNet,This is an EDS file for a PowerFlex 525 via a 22-COMM-D card in single-drive mode,5,0x1,25B-E032...
DeviceNet,00010095DE090100.eds,0001,149,56841,1.1,149,HS-DSI to DeviceNet,This is an EDS file for a PowerFlex 525 via a 25-COMM-D card in single-drive mode,1,0x3,25B-E032...
DeviceNet,00010095DE090200.eds,0001,149,56841,1.1,149,HS-DSI to DeviceNet,This is an EDS file for a PowerFlex 525 via a 25-COMM-D card in single-drive mode,2,0x2,25B-E032...
DeviceNet,00010095DE090300.eds,0001,149,56841,1.1,149,HS-DSI to DeviceNet,This is an EDS file for a PowerFlex 525 via a 25-COMM-D card in single-drive mode,3,0x1,25B-E032...
DeviceNet,00010095DE090400.eds,0001,149,56841,1.1,149,HS-DSI to DeviceNet,This is an EDS file for a PowerFlex 525 via a 25-COMM-D card in single-drive mode,4,0x1,25B-E032...
DeviceNet,00010095DE090500.eds,0001,149,56841,1.1,149,HS-DSI to DeviceNet,This is an EDS file for a PowerFlex 525 via a 25-COMM-D card in single-drive mode,5,0x1,25B-E032...
EDS_PF525_V6\ControlNet,0001008400090100.eds,1,132,9,1.1,0x0084,Compact IO/DSI,PowerFlex 525,1,1,25B...,
EDS_PF525_V6\ControlNet,0001008400090200.eds,1,132,9,1.1,0x0084,Compact IO/DSI,PowerFlex 525,2,1,25B...,
EDS_PF525_V6\ControlNet,0001008400090300.eds,1,132,9,1.1,0x0084,Compact IO/DSI,PowerFlex 525,3,1,25B...,
EDS_PF525_V6\ControlNet,0001008400090400.eds,1,132,9,1.1,0x0084,Compact IO/DSI,PowerFlex 525,4,1,25B...,
EDS_PF525_V6\ControlNet,0001008400090500.eds,1,132,9,1.1,0x0084,Compact IO/DSI,PowerFlex 525,5,1,25B...,
EDS_PF525_V6\ControlNet,0001008400090600.eds,1,132,9,1.1,132,Compact IO/DSI,PowerFlex 525,6,1,25B...,
EDS_PF525_V6\ControlNet,0001008800090100.eds,1,136,9,1.1,0x0088,DSI to ControlNet,PowerFlex 525,1,1,25B...,
EDS_PF525_V6\ControlNet,0001008800090200.eds,1,136,9,1.1,0x0088,DSI to ControlNet,PowerFlex 525,2,1,25B...,
EDS_PF525_V6\ControlNet,0001008800090300.eds,1,136,9,1.1,0x0088,DSI to ControlNet,PowerFlex 525,3,1,25B...,
EDS_PF525_V6\ControlNet,0001008800090400.eds,1,136,9,1.1,0x0088,DSI to ControlNet,PowerFlex 525,4,1,25B...,
EDS_PF525_V6\ControlNet,0001008800090500.eds,1,136,9,1.1,0x0088,DSI to ControlNet,PowerFlex 525,5,1,25B...,
EDS_PF525_V6\ControlNet,0001008800090600.eds,1,136,9,1.1,136,DSI to ControlNet,PowerFlex 525,6,1,25B...,
EDS_PF525_V6\DeviceNet,0001007E82090400.eds,1,126,33289,1.1,0x7e,DSI to DeviceNet,This is an EDS file for a PowerFlex 525 via a 22-COMM-D card in single-drive mode,0x4,0x1,25B-V2P5...,
EDS_PF525_V6\DeviceNet,0001007E82090500.eds,1,126,33289,1.1,0x7e,DSI to DeviceNet,This is an EDS file for a PowerFlex 525 via a 22-COMM-D card in single-drive mode,0x5,0x1,25B-V2P5...,
EDS_PF525_V6\DeviceNet,0001007E82090600.eds,1,126,33289,1.1,0x7e,DSI to DeviceNet,This is an EDS file for a PowerFlex 525 via a 22-COMM-D card in single-drive mode,0x6,0x1,25B-V2P5...,
EDS_PF525_V6\DeviceNet,0001007E84090400.eds,1,126,33801,1.1,0x7e,DSI to DeviceNet,This is an EDS file for a PowerFlex 525 via a 22-COMM-D card in single-drive mode,0x4,0x1,25B-V4P8...,
EDS_PF525_V6\DeviceNet,0001007E84090500.eds,1,126,33801,1.1,0x7e,DSI to DeviceNet,This is an EDS file for a PowerFlex 525 via a 22-COMM-D card in single-drive mode,0x5,0x1,25B-V4P8...,
EDS_PF525_V6\DeviceNet,0001007E84090600.eds,1,126,33801,1.1,0x7e,DSI to DeviceNet,This is an EDS file for a PowerFlex 525 via a 22-COMM-D card in single-drive mode,0x6,0x1,25B-V4P8...,
EDS_PF525_V6\DeviceNet,0001007E85090400.eds,1,126,34057,1.1,0x7e,DSI to DeviceNet,This is an EDS file for a PowerFlex 525 via a 22-COMM-D card in single-drive mode,0x4,0x1,25B-V6P0...,
EDS_PF525_V6\DeviceNet,0001007E85090500.eds,1,126,34057,1.1,0x7e,DSI to DeviceNet,This is an EDS file for a PowerFlex 525 via a 22-COMM-D card in single-drive mode,0x5,0x1,25B-V6P0...,
EDS_PF525_V6\DeviceNet,0001007E85090600.eds,1,126,34057,1.1,0x7e,DSI to DeviceNet,This is an EDS file for a PowerFlex 525 via a 22-COMM-D card in single-drive mode,0x6,0x1,25B-V6P0...,
EDS_PF525_V6\DeviceNet,0001007E92090400.eds,1,126,37385,1.1,0x7e,DSI to DeviceNet,This is an EDS file for a PowerFlex 525 via a 22-COMM-D card in single-drive mode,0x4,0x1,25B-A2P5...,
EDS_PF525_V6\DeviceNet,0001007E92090500.eds,1,126,37385,1.1,0x7e,DSI to DeviceNet,This is an EDS file for a PowerFlex 525 via a 22-COMM-D card in single-drive mode,0x5,0x1,25B-A2P5...,
EDS_PF525_V6\DeviceNet,0001007E92090600.eds,1,126,37385,1.1,0x7e,DSI to DeviceNet,This is an EDS file for a PowerFlex 525 via a 22-COMM-D card in single-drive mode,0x6,0x1,25B-A2P5...,
EDS_PF525_V6\DeviceNet,0001007E94090400.eds,1,126,37897,1.1,0x7e,DSI to DeviceNet,This is an EDS file for a PowerFlex 525 via a 22-COMM-D card in single-drive mode,0x4,0x1,25B-A4P8...,
EDS_PF525_V6\DeviceNet,0001007E94090500.eds,1,126,37897,1.1,0x7e,DSI to DeviceNet,This is an EDS file for a PowerFlex 525 via a 22-COMM-D card in single-drive mode,0x5,0x1,25B-A4P8...,
EDS_PF525_V6\DeviceNet,0001007E94090600.eds,1,126,37897,1.1,0x7e,DSI to DeviceNet,This is an EDS file for a PowerFlex 525 via a 22-COMM-D card in single-drive mode,0x6,0x1,25B-A4P8...,
EDS_PF525_V6\DeviceNet,0001007E96090400.eds,1,126,38409,1.1,0x7e,DSI to DeviceNet,This is an EDS file for a PowerFlex 525 via a 22-COMM-D card in single-drive mode,0x4,0x1,25B-A8P0...,
EDS_PF525_V6\DeviceNet,0001007E96090500.eds,1,126,38409,1.1,0x7e,DSI to DeviceNet,This is an EDS file for a PowerFlex 525 via a 22-COMM-D card in single-drive mode,0x5,0x1,25B-A8P0...,
EDS_PF525_V6\DeviceNet,0001007E96090600.eds,1,126,38409,1.1,0x7e,DSI to DeviceNet,This is an EDS file for a PowerFlex 525 via a 22-COMM-D card in single-drive mode,0x6,0x1,25B-A8P0...,
EDS_PF525_V6\DeviceNet,0001007E97090400.eds,1,126,38665,1.1,0x7e,DSI to DeviceNet,This is an EDS file for a PowerFlex 525 via a 22-COMM-D card in single-drive mode,0x4,0x1,25B-A011...,
EDS_PF525_V6\DeviceNet,0001007E97090500.eds,1,126,38665,1.1,0x7e,DSI to DeviceNet,This is an EDS file for a PowerFlex 525 via a 22-COMM-D card in single-drive mode,0x5,0x1,25B-A011...,
EDS_PF525_V6\DeviceNet,0001007E97090600.eds,1,126,38665,1.1,0x7e,DSI to DeviceNet,This is an EDS file for a PowerFlex 525 via a 22-COMM-D card in single-drive mode,0x6,0x1,25B-A011...,
EDS_PF525_V6\DeviceNet,0001007EB2090400.eds,1,126,45577,1.1,0x7e,DSI to DeviceNet,This is an EDS file for a PowerFlex 525 via a 22-COMM-D card in single-drive mode,0x4,0x1,25B-B2P5...,
EDS_PF525_V6\DeviceNet,0001007EB2090500.eds,1,126,45577,1.1,0x7e,DSI to DeviceNet,This is an EDS file for a PowerFlex 525 via a 22-COMM-D card in single-drive mode,0x5,0x1,25B-B2P5...,
EDS_PF525_V6\DeviceNet,0001007EB2090600.eds,1,126,45577,1.1,0x7e,DSI to DeviceNet,This is an EDS file for a PowerFlex 525 via a 22-COMM-D card in single-drive mode,0x6,0x1,25B-B2P5...,
EDS_PF525_V6\DeviceNet,0001007EB4090400.eds,1,126,46089,1.1,0x7e,DSI to DeviceNet,This is an EDS file for a PowerFlex 525 via a 22-COMM-D card in single-drive mode,0x4,0x1,25B-B5P0...,
EDS_PF525_V6\DeviceNet,0001007EB4090500.eds,1,126,46089,1.1,0x7e,DSI to DeviceNet,This is an EDS file for a PowerFlex 525 via a 22-COMM-D card in single-drive mode,0x5,0x1,25B-B5P0...,
EDS_PF525_V6\DeviceNet,0001007EB4090600.eds,1,126,46089,1.1,0x7e,DSI to DeviceNet,This is an EDS file for a PowerFlex 525 via a 22-COMM-D card in single-drive mode,0x6,0x1,25B-B5P0...,
EDS_PF525_V6\DeviceNet,0001007EB6090400.eds,1,126,46601,1.1,0x7e,DSI to DeviceNet,This is an EDS file for a PowerFlex 525 via a 22-COMM-D card in single-drive mode,0x4,0x1,25B-B8P0...,
EDS_PF525_V6\DeviceNet,0001007EB6090500.eds,1,126,46601,1.1,0x7e,DSI to DeviceNet,This is an EDS file for a PowerFlex 525 via a 22-COMM-D card in single-drive mode,0x5,0x1,25B-B8P0...,
EDS_PF525_V6\DeviceNet,0001007EB6090600.eds,1,126,46601,1.1,0x7e,DSI to DeviceNet,This is an EDS file for a PowerFlex 525 via a 22-COMM-D card in single-drive mode,0x6,0x1,25B-B8P0...,
EDS_PF525_V6\DeviceNet,0001007EB7090400.eds,1,126,46857,1.1,0x7e,DSI to DeviceNet,This is an EDS file for a PowerFlex 525 via a 22-COMM-D card in single-drive mode,0x4,0x1,25B-B011...,
EDS_PF525_V6\DeviceNet,0001007EB7090500.eds,1,126,46857,1.1,0x7e,DSI to DeviceNet,This is an EDS file for a PowerFlex 525 via a 22-COMM-D card in single-drive mode,0x5,0x1,25B-B011...,
EDS_PF525_V6\DeviceNet,0001007EB7090600.eds,1,126,46857,1.1,0x7e,DSI to DeviceNet,This is an EDS file for a PowerFlex 525 via a 22-COMM-D card in single-drive mode,0x6,0x1,25B-B011...,
EDS_PF525_V6\DeviceNet,0001007EB8090400.eds,1,126,47113,1.1,0x7e,DSI to DeviceNet,This is an EDS file for a PowerFlex 525 via a 22-COMM-D card in single-drive mode,0x4,0x1,25B-B017...,
EDS_PF525_V6\DeviceNet,0001007EB8090500.eds,1,126,47113,1.1,0x7e,DSI to DeviceNet,This is an EDS file for a PowerFlex 525 via a 22-COMM-D card in single-drive mode,0x5,0x1,25B-B017...,
EDS_PF525_V6\DeviceNet,0001007EB8090600.eds,1,126,47113,1.1,0x7e,DSI to DeviceNet,This is an EDS file for a PowerFlex 525 via a 22-COMM-D card in single-drive mode,0x6,0x1,25B-B017...,
EDS_PF525_V6\DeviceNet,0001007EB9090400.eds,1,126,47369,1.1,0x7e,DSI to DeviceNet,This is an EDS file for a PowerFlex 525 via a 22-COMM-D card in single-drive mode,0x4,0x1,25B-B024...,
EDS_PF525_V6\DeviceNet,0001007EB9090500.eds,1,126,47369,1.1,0x7e,DSI to DeviceNet,This is an EDS file for a PowerFlex 525 via a 22-COMM-D card in single-drive mode,0x5,0x1,25B-B024...,
EDS_PF525_V6\DeviceNet,0001007EB9090600.eds,1,126,47369,1.1,0x7e,DSI to DeviceNet,This is an EDS file for a PowerFlex 525 via a 22-COMM-D card in single-drive mode,0x6,0x1,25B-B024...,
EDS_PF525_V6\DeviceNet,0001007EBA090400.eds,1,126,47625,1.1,0x7e,DSI to DeviceNet,This is an EDS file for a PowerFlex 525 via a 22-COMM-D card in single-drive mode,0x4,0x1,25B-B032...,
EDS_PF525_V6\DeviceNet,0001007EBA090500.eds,1,126,47625,1.1,0x7e,DSI to DeviceNet,This is an EDS file for a PowerFlex 525 via a 22-COMM-D card in single-drive mode,0x5,0x1,25B-B032...,
EDS_PF525_V6\DeviceNet,0001007EBA090600.eds,1,126,47625,1.1,0x7e,DSI to DeviceNet,This is an EDS file for a PowerFlex 525 via a 22-COMM-D card in single-drive mode,0x6,0x1,25B-B032...,
EDS_PF525_V6\DeviceNet,0001007EBB090400.eds,1,126,47881,1.1,0x7e,DSI to DeviceNet,This is an EDS file for a PowerFlex 525 via a 22-COMM-D card in single-drive mode,0x4,0x1,25B-B048...,
EDS_PF525_V6\DeviceNet,0001007EBB090500.eds,1,126,47881,1.1,0x7e,DSI to DeviceNet,This is an EDS file for a PowerFlex 525 via a 22-COMM-D card in single-drive mode,0x5,0x1,25B-B048...,
EDS_PF525_V6\DeviceNet,0001007EBB090600.eds,1,126,47881,1.1,0x7e,DSI to DeviceNet,This is an EDS file for a PowerFlex 525 via a 22-COMM-D card in single-drive mode,0x6,0x1,25B-B048...,
EDS_PF525_V6\DeviceNet,0001007EBC090400.eds,1,126,48137,1.1,0x7e,DSI to DeviceNet,This is an EDS file for a PowerFlex 525 via a 22-COMM-D card in single-drive mode,0x4,0x1,25B-B062...,
EDS_PF525_V6\DeviceNet,0001007EBC090500.eds,1,126,48137,1.1,0x7e,DSI to DeviceNet,This is an EDS file for a PowerFlex 525 via a 22-COMM-D card in single-drive mode,0x5,0x1,25B-B062...,
EDS_PF525_V6\DeviceNet,0001007EBC090600.eds,1,126,48137,1.1,0x7e,DSI to DeviceNet,This is an EDS file for a PowerFlex 525 via a 22-COMM-D card in single-drive mode,0x6,0x1,25B-B062...,
EDS_PF525_V6\DeviceNet,0001007EC2090400.eds,1,126,49673,1.1,0x7e,DSI to DeviceNet,This is an EDS file for a PowerFlex 525 via a 22-COMM-D card in single-drive mode,0x4,0x1,25B-D1P4...,
EDS_PF525_V6\DeviceNet,0001007EC2090500.eds,1,126,49673,1.1,0x7e,DSI to DeviceNet,This is an EDS file for a PowerFlex 525 via a 22-COMM-D card in single-drive mode,0x5,0x1,25B-D1P4...,
EDS_PF525_V6\DeviceNet,0001007EC2090600.eds,1,126,49673,1.1,0x7e,DSI to DeviceNet,This is an EDS file for a PowerFlex 525 via a 22-COMM-D card in single-drive mode,0x6,0x1,25B-D1P4...,
EDS_PF525_V6\DeviceNet,0001007EC4090400.eds,1,126,50185,1.1,0x7e,DSI to DeviceNet,This is an EDS file for a PowerFlex 525 via a 22-COMM-D card in single-drive mode,0x4,0x1,25B-D2P3...,
EDS_PF525_V6\DeviceNet,0001007EC4090500.eds,1,126,50185,1.1,0x7e,DSI to DeviceNet,This is an EDS file for a PowerFlex 525 via a 22-COMM-D card in single-drive mode,0x5,0x1,25B-D2P3...,
EDS_PF525_V6\DeviceNet,0001007EC4090600.eds,1,126,50185,1.1,0x7e,DSI to DeviceNet,This is an EDS file for a PowerFlex 525 via a 22-COMM-D card in single-drive mode,0x6,0x1,25B-D2P3...,
EDS_PF525_V6\DeviceNet,0001007EC6090400.eds,1,126,50697,1.1,0x7e,DSI to DeviceNet,This is an EDS file for a PowerFlex 525 via a 22-COMM-D card in single-drive mode,0x4,0x1,25B-D4P0...,
EDS_PF525_V6\DeviceNet,0001007EC6090500.eds,1,126,50697,1.1,0x7e,DSI to DeviceNet,This is an EDS file for a PowerFlex 525 via a 22-COMM-D card in single-drive mode,0x5,0x1,25B-D4P0...,
EDS_PF525_V6\DeviceNet,0001007EC6090600.eds,1,126,50697,1.1,0x7e,DSI to DeviceNet,This is an EDS file for a PowerFlex 525 via a 22-COMM-D card in single-drive mode,0x6,0x1,25B-D4P0...,
EDS_PF525_V6\DeviceNet,0001007EC7090400.eds,1,126,50953,1.1,0x7e,DSI to DeviceNet,This is an EDS file for a PowerFlex 525 via a 22-COMM-D card in single-drive mode,0x4,0x1,25B-D6P0...,
EDS_PF525_V6\DeviceNet,0001007EC7090500.eds,1,126,50953,1.1,0x7e,DSI to DeviceNet,This is an EDS file for a PowerFlex 525 via a 22-COMM-D card in single-drive mode,0x5,0x1,25B-D6P0...,
EDS_PF525_V6\DeviceNet,0001007EC7090600.eds,1,126,50953,1.1,0x7e,DSI to DeviceNet,This is an EDS file for a PowerFlex 525 via a 22-COMM-D card in single-drive mode,0x6,0x1,25B-D6P0...,
EDS_PF525_V6\DeviceNet,0001007EC8090400.eds,1,126,51209,1.1,0x7e,DSI to DeviceNet,This is an EDS file for a PowerFlex 525 via a 22-COMM-D card in single-drive mode,0x4,0x1,25B-D010...,
EDS_PF525_V6\DeviceNet,0001007EC8090500.eds,1,126,51209,1.1,0x7e,DSI to DeviceNet,This is an EDS file for a PowerFlex 525 via a 22-COMM-D card in single-drive mode,0x5,0x1,25B-D010...,
EDS_PF525_V6\DeviceNet,0001007EC8090600.eds,1,126,51209,1.1,0x7e,DSI to DeviceNet,This is an EDS file for a PowerFlex 525 via a 22-COMM-D card in single-drive mode,0x6,0x1,25B-D010...,
EDS_PF525_V6\DeviceNet,0001007EC9090400.eds,1,126,51465,1.1,0x7e,DSI to DeviceNet,This is an EDS file for a PowerFlex 525 via a 22-COMM-D card in single-drive mode,0x4,0x1,25B-D013...,
EDS_PF525_V6\DeviceNet,0001007EC9090500.eds,1,126,51465,1.1,0x7e,DSI to DeviceNet,This is an EDS file for a PowerFlex 525 via a 22-COMM-D card in single-drive mode,0x5,0x1,25B-D013...,
EDS_PF525_V6\DeviceNet,0001007EC9090600.eds,1,126,51465,1.1,0x7e,DSI to DeviceNet,This is an EDS file for a PowerFlex 525 via a 22-COMM-D card in single-drive mode,0x6,0x1,25B-D013...,
EDS_PF525_V6\DeviceNet,0001007ECA090400.eds,1,126,51721,1.1,0x7e,DSI to DeviceNet,This is an EDS file for a PowerFlex 525 via a 22-COMM-D card in single-drive mode,0x4,0x1,25B-D017...,
EDS_PF525_V6\DeviceNet,0001007ECA090500.eds,1,126,51721,1.1,0x7e,DSI to DeviceNet,This is an EDS file for a PowerFlex 525 via a 22-COMM-D card in single-drive mode,0x5,0x1,25B-D017...,
EDS_PF525_V6\DeviceNet,0001007ECA090600.eds,1,126,51721,1.1,0x7e,DSI to DeviceNet,This is an EDS file for a PowerFlex 525 via a 22-COMM-D card in single-drive mode,0x6,0x1,25B-D017...,
EDS_PF525_V6\DeviceNet,0001007ECB090400.eds,1,126,51977,1.1,0x7e,DSI to DeviceNet,This is an EDS file for a PowerFlex 525 via a 22-COMM-D card in single-drive mode,0x4,0x1,25B-D024...,
EDS_PF525_V6\DeviceNet,0001007ECB090500.eds,1,126,51977,1.1,0x7e,DSI to DeviceNet,This is an EDS file for a PowerFlex 525 via a 22-COMM-D card in single-drive mode,0x5,0x1,25B-D024...,
EDS_PF525_V6\DeviceNet,0001007ECB090600.eds,1,126,51977,1.1,0x7e,DSI to DeviceNet,This is an EDS file for a PowerFlex 525 via a 22-COMM-D card in single-drive mode,0x6,0x1,25B-D024...,
EDS_PF525_V6\DeviceNet,0001007ECC090400.eds,1,126,52233,1.1,0x7e,DSI to DeviceNet,This is an EDS file for a PowerFlex 525 via a 22-COMM-D card in single-drive mode,0x4,0x1,25B-D030...,
EDS_PF525_V6\DeviceNet,0001007ECC090500.eds,1,126,52233,1.1,0x7e,DSI to DeviceNet,This is an EDS file for a PowerFlex 525 via a 22-COMM-D card in single-drive mode,0x5,0x1,25B-D030...,
EDS_PF525_V6\DeviceNet,0001007ECC090600.eds,1,126,52233,1.1,0x7e,DSI to DeviceNet,This is an EDS file for a PowerFlex 525 via a 22-COMM-D card in single-drive mode,0x6,0x1,25B-D030...,
EDS_PF525_V6\DeviceNet,0001007ECD090400.eds,1,126,52489,1.1,0x7e,DSI to DeviceNet,This is an EDS file for a PowerFlex 525 via a 22-COMM-D card in single-drive mode,0x4,0x1,25B-D037...,
EDS_PF525_V6\DeviceNet,0001007ECD090500.eds,1,126,52489,1.1,0x7e,DSI to DeviceNet,This is an EDS file for a PowerFlex 525 via a 22-COMM-D card in single-drive mode,0x5,0x1,25B-D037...,
EDS_PF525_V6\DeviceNet,0001007ECD090600.eds,1,126,52489,1.1,0x7e,DSI to DeviceNet,This is an EDS file for a PowerFlex 525 via a 22-COMM-D card in single-drive mode,0x6,0x1,25B-D037...,
EDS_PF525_V6\DeviceNet,0001007ECE090400.eds,1,126,52745,1.1,0x7e,DSI to DeviceNet,This is an EDS file for a PowerFlex 525 via a 22-COMM-D card in single-drive mode,0x4,0x1,25B-D043...,
EDS_PF525_V6\DeviceNet,0001007ECE090500.eds,1,126,52745,1.1,0x7e,DSI to DeviceNet,This is an EDS file for a PowerFlex 525 via a 22-COMM-D card in single-drive mode,0x5,0x1,25B-D043...,
EDS_PF525_V6\DeviceNet,0001007ECE090600.eds,1,126,52745,1.1,0x7e,DSI to DeviceNet,This is an EDS file for a PowerFlex 525 via a 22-COMM-D card in single-drive mode,0x6,0x1,25B-D043...,
EDS_PF525_V6\DeviceNet,0001007ED2090400.eds,1,126,53769,1.1,0x7e,DSI to DeviceNet,This is an EDS file for a PowerFlex 525 via a 22-COMM-D card in single-drive mode,0x4,0x1,25B-E0P9...,
EDS_PF525_V6\DeviceNet,0001007ED2090500.eds,1,126,53769,1.1,0x7e,DSI to DeviceNet,This is an EDS file for a PowerFlex 525 via a 22-COMM-D card in single-drive mode,0x5,0x1,25B-E0P9...,
EDS_PF525_V6\DeviceNet,0001007ED2090600.eds,1,126,53769,1.1,0x7e,DSI to DeviceNet,This is an EDS file for a PowerFlex 525 via a 22-COMM-D card in single-drive mode,0x6,0x1,25B-E0P9...,
EDS_PF525_V6\DeviceNet,0001007ED4090400.eds,1,126,54281,1.1,0x7e,DSI to DeviceNet,This is an EDS file for a PowerFlex 525 via a 22-COMM-D card in single-drive mode,0x4,0x1,25B-E1P7...,
EDS_PF525_V6\DeviceNet,0001007ED4090500.eds,1,126,54281,1.1,0x7e,DSI to DeviceNet,This is an EDS file for a PowerFlex 525 via a 22-COMM-D card in single-drive mode,0x5,0x1,25B-E1P7...,
EDS_PF525_V6\DeviceNet,0001007ED4090600.eds,1,126,54281,1.1,0x7e,DSI to DeviceNet,This is an EDS file for a PowerFlex 525 via a 22-COMM-D card in single-drive mode,0x6,0x1,25B-E1P7...,
EDS_PF525_V6\DeviceNet,0001007ED6090400.eds,1,126,54793,1.1,0x7e,DSI to DeviceNet,This is an EDS file for a PowerFlex 525 via a 22-COMM-D card in single-drive mode,0x4,0x1,25B-E3P0...,
EDS_PF525_V6\DeviceNet,0001007ED6090500.eds,1,126,54793,1.1,0x7e,DSI to DeviceNet,This is an EDS file for a PowerFlex 525 via a 22-COMM-D card in single-drive mode,0x5,0x1,25B-E3P0...,
EDS_PF525_V6\DeviceNet,0001007ED6090600.eds,1,126,54793,1.1,0x7e,DSI to DeviceNet,This is an EDS file for a PowerFlex 525 via a 22-COMM-D card in single-drive mode,0x6,0x1,25B-E3P0...,
EDS_PF525_V6\DeviceNet,0001007ED7090400.eds,1,126,55049,1.1,0x7e,DSI to DeviceNet,This is an EDS file for a PowerFlex 525 via a 22-COMM-D card in single-drive mode,0x4,0x1,25B-E4P2...,
EDS_PF525_V6\DeviceNet,0001007ED7090500.eds,1,126,55049,1.1,0x7e,DSI to DeviceNet,This is an EDS file for a PowerFlex 525 via a 22-COMM-D card in single-drive mode,0x5,0x1,25B-E4P2...,
EDS_PF525_V6\DeviceNet,0001007ED7090600.eds,1,126,55049,1.1,0x7e,DSI to DeviceNet,This is an EDS file for a PowerFlex 525 via a 22-COMM-D card in single-drive mode,0x6,0x1,25B-E4P2...,
EDS_PF525_V6\DeviceNet,0001007ED8090400.eds,1,126,55305,1.1,0x7e,DSI to DeviceNet,This is an EDS file for a PowerFlex 525 via a 22-COMM-D card in single-drive mode,0x4,0x1,25B-E6P6...,
EDS_PF525_V6\DeviceNet,0001007ED8090500.eds,1,126,55305,1.1,0x7e,DSI to DeviceNet,This is an EDS file for a PowerFlex 525 via a 22-COMM-D card in single-drive mode,0x5,0x1,25B-E6P6...,
EDS_PF525_V6\DeviceNet,0001007ED8090600.eds,1,126,55305,1.1,0x7e,DSI to DeviceNet,This is an EDS file for a PowerFlex 525 via a 22-COMM-D card in single-drive mode,0x6,0x1,25B-E6P6...,
EDS_PF525_V6\DeviceNet,0001007ED9090400.eds,1,126,55561,1.1,0x7e,DSI to DeviceNet,This is an EDS file for a PowerFlex 525 via a 22-COMM-D card in single-drive mode,0x4,0x1,25B-E9P9...,
EDS_PF525_V6\DeviceNet,0001007ED9090500.eds,1,126,55561,1.1,0x7e,DSI to DeviceNet,This is an EDS file for a PowerFlex 525 via a 22-COMM-D card in single-drive mode,0x5,0x1,25B-E9P9...,
EDS_PF525_V6\DeviceNet,0001007ED9090600.eds,1,126,55561,1.1,0x7e,DSI to DeviceNet,This is an EDS file for a PowerFlex 525 via a 22-COMM-D card in single-drive mode,0x6,0x1,25B-E9P9...,
EDS_PF525_V6\DeviceNet,0001007EDA090400.eds,1,126,55817,1.1,0x7e,DSI to DeviceNet,This is an EDS file for a PowerFlex 525 via a 22-COMM-D card in single-drive mode,0x4,0x1,25B-E012...,
EDS_PF525_V6\DeviceNet,0001007EDA090500.eds,1,126,55817,1.1,0x7e,DSI to DeviceNet,This is an EDS file for a PowerFlex 525 via a 22-COMM-D card in single-drive mode,0x5,0x1,25B-E012...,
EDS_PF525_V6\DeviceNet,0001007EDA090600.eds,1,126,55817,1.1,0x7e,DSI to DeviceNet,This is an EDS file for a PowerFlex 525 via a 22-COMM-D card in single-drive mode,0x6,0x1,25B-E012...,
EDS_PF525_V6\DeviceNet,0001007EDB090400.eds,1,126,56073,1.1,0x7e,DSI to DeviceNet,This is an EDS file for a PowerFlex 525 via a 22-COMM-D card in single-drive mode,0x4,0x1,25B-E019...,
EDS_PF525_V6\DeviceNet,0001007EDB090500.eds,1,126,56073,1.1,0x7e,DSI to DeviceNet,This is an EDS file for a PowerFlex 525 via a 22-COMM-D card in single-drive mode,0x5,0x1,25B-E019...,
EDS_PF525_V6\DeviceNet,0001007EDB090600.eds,1,126,56073,1.1,0x7e,DSI to DeviceNet,This is an EDS file for a PowerFlex 525 via a 22-COMM-D card in single-drive mode,0x6,0x1,25B-E019...,
EDS_PF525_V6\DeviceNet,0001007EDC090400.eds,1,126,56329,1.1,0x7e,DSI to DeviceNet,This is an EDS file for a PowerFlex 525 via a 22-COMM-D card in single-drive mode,0x4,0x1,25B-E022...,
EDS_PF525_V6\DeviceNet,0001007EDC090500.eds,1,126,56329,1.1,0x7e,DSI to DeviceNet,This is an EDS file for a PowerFlex 525 via a 22-COMM-D card in single-drive mode,0x5,0x1,25B-E022...,
EDS_PF525_V6\DeviceNet,0001007EDC090600.eds,1,126,56329,1.1,0x7e,DSI to DeviceNet,This is an EDS file for a PowerFlex 525 via a 22-COMM-D card in single-drive mode,0x6,0x1,25B-E022...,
EDS_PF525_V6\DeviceNet,0001007EDD090400.eds,1,126,56585,1.1,0x7e,DSI to DeviceNet,This is an EDS file for a PowerFlex 525 via a 22-COMM-D card in single-drive mode,0x4,0x1,25B-E027...,
EDS_PF525_V6\DeviceNet,0001007EDD090500.eds,1,126,56585,1.1,0x7e,DSI to DeviceNet,This is an EDS file for a PowerFlex 525 via a 22-COMM-D card in single-drive mode,0x5,0x1,25B-E027...,
EDS_PF525_V6\DeviceNet,0001007EDD090600.eds,1,126,56585,1.1,0x7e,DSI to DeviceNet,This is an EDS file for a PowerFlex 525 via a 22-COMM-D card in single-drive mode,0x6,0x1,25B-E027...,
EDS_PF525_V6\DeviceNet,0001007EDE090400.eds,1,126,56841,1.1,0x7e,DSI to DeviceNet,This is an EDS file for a PowerFlex 525 via a 22-COMM-D card in single-drive mode,0x4,0x1,25B-E032...,
EDS_PF525_V6\DeviceNet,0001007EDE090500.eds,1,126,56841,1.1,0x7e,DSI to DeviceNet,This is an EDS file for a PowerFlex 525 via a 22-COMM-D card in single-drive mode,0x5,0x1,25B-E032...,
EDS_PF525_V6\DeviceNet,0001007EDE090600.eds,1,126,56841,1.1,0x7e,DSI to DeviceNet,This is an EDS file for a PowerFlex 525 via a 22-COMM-D card in single-drive mode,0x6,0x1,25B-E032...,
EDS_PF525_V6\DeviceNet,00010095031E0100.eds,1,149,798,1.1,0x95,HS-DSI to DeviceNet,This is an EDS file for a PowerFlex 52x via a 25-COMM-D card in multi-drive mode,0x1,0x1,25-COMM-D,
EDS_PF525_V6\DeviceNet,0001009582090100.eds,1,149,33289,1.1,0x95,HS-DSI to DeviceNet,This is an EDS file for a PowerFlex 525 via a 25-COMM-D card in single-drive mode,0x1,0x3,25B-V2P5...,
EDS_PF525_V6\DeviceNet,0001009582090200.eds,1,149,33289,1.1,0x95,HS-DSI to DeviceNet,This is an EDS file for a PowerFlex 525 via a 25-COMM-D card in single-drive mode,0x2,0x2,25B-V2P5...,
EDS_PF525_V6\DeviceNet,0001009582090300.eds,1,149,33289,1.1,0x95,HS-DSI to DeviceNet,This is an EDS file for a PowerFlex 525 via a 25-COMM-D card in single-drive mode,0x3,0x1,25B-V2P5...,
EDS_PF525_V6\DeviceNet,0001009582090400.eds,1,149,33289,1.1,0x95,HS-DSI to DeviceNet,This is an EDS file for a PowerFlex 525 via a 25-COMM-D card in single-drive mode,0x4,0x1,25B-V2P5...,
EDS_PF525_V6\DeviceNet,0001009582090500.eds,1,149,33289,1.1,0x95,HS-DSI to DeviceNet,This is an EDS file for a PowerFlex 525 via a 25-COMM-D card in single-drive mode,0x5,0x1,25B-V2P5...,
EDS_PF525_V6\DeviceNet,0001009582090600.eds,1,149,33289,1.1,0x95,HS-DSI to DeviceNet,This is an EDS file for a PowerFlex 525 via a 25-COMM-D card in single-drive mode,0x6,0x1,25B-V2P5...,
EDS_PF525_V6\DeviceNet,0001009584090100.eds,1,149,33801,1.1,0x95,HS-DSI to DeviceNet,This is an EDS file for a PowerFlex 525 via a 25-COMM-D card in single-drive mode,0x1,0x3,25B-V4P8...,
EDS_PF525_V6\DeviceNet,0001009584090200.eds,1,149,33801,1.1,0x95,HS-DSI to DeviceNet,This is an EDS file for a PowerFlex 525 via a 25-COMM-D card in single-drive mode,0x2,0x2,25B-V4P8...,
EDS_PF525_V6\DeviceNet,0001009584090300.eds,1,149,33801,1.1,0x95,HS-DSI to DeviceNet,This is an EDS file for a PowerFlex 525 via a 25-COMM-D card in single-drive mode,0x3,0x1,25B-V4P8...,
EDS_PF525_V6\DeviceNet,0001009584090400.eds,1,149,33801,1.1,0x95,HS-DSI to DeviceNet,This is an EDS file for a PowerFlex 525 via a 25-COMM-D card in single-drive mode,0x4,0x1,25B-V4P8...,
EDS_PF525_V6\DeviceNet,0001009584090500.eds,1,149,33801,1.1,0x95,HS-DSI to DeviceNet,This is an EDS file for a PowerFlex 525 via a 25-COMM-D card in single-drive mode,0x5,0x1,25B-V4P8...,
EDS_PF525_V6\DeviceNet,0001009584090600.eds,1,149,33801,1.1,0x95,HS-DSI to DeviceNet,This is an EDS file for a PowerFlex 525 via a 25-COMM-D card in single-drive mode,0x6,0x1,25B-V4P8...,
EDS_PF525_V6\DeviceNet,0001009585090100.eds,1,149,34057,1.1,0x95,HS-DSI to DeviceNet,This is an EDS file for a PowerFlex 525 via a 25-COMM-D card in single-drive mode,0x1,0x3,25B-V6P0...,
EDS_PF525_V6\DeviceNet,0001009585090200.eds,1,149,34057,1.1,0x95,HS-DSI to DeviceNet,This is an EDS file for a PowerFlex 525 via a 25-COMM-D card in single-drive mode,0x2,0x2,25B-V6P0...,
EDS_PF525_V6\DeviceNet,0001009585090300.eds,1,149,34057,1.1,0x95,HS-DSI to DeviceNet,This is an EDS file for a PowerFlex 525 via a 25-COMM-D card in single-drive mode,0x3,0x1,25B-V6P0...,
EDS_PF525_V6\DeviceNet,0001009585090400.eds,1,149,34057,1.1,0x95,HS-DSI to DeviceNet,This is an EDS file for a PowerFlex 525 via a 25-COMM-D card in single-drive mode,0x4,0x1,25B-V6P0...,
EDS_PF525_V6\DeviceNet,0001009585090500.eds,1,149,34057,1.1,0x95,HS-DSI to DeviceNet,This is an EDS file for a PowerFlex 525 via a 25-COMM-D card in single-drive mode,0x5,0x1,25B-V6P0...,
EDS_PF525_V6\DeviceNet,0001009585090600.eds,1,149,34057,1.1,0x95,HS-DSI to DeviceNet,This is an EDS file for a PowerFlex 525 via a 25-COMM-D card in single-drive mode,0x6,0x1,25B-V6P0...,
EDS_PF525_V6\DeviceNet,0001009592090100.eds,1,149,37385,1.1,0x95,HS-DSI to DeviceNet,This is an EDS file for a PowerFlex 525 via a 25-COMM-D card in single-drive mode,0x1,0x3,25B-A2P5...,
EDS_PF525_V6\DeviceNet,0001009592090200.eds,1,149,37385,1.1,0x95,HS-DSI to DeviceNet,This is an EDS file for a PowerFlex 525 via a 25-COMM-D card in single-drive mode,0x2,0x2,25B-A2P5...,
EDS_PF525_V6\DeviceNet,0001009592090300.eds,1,149,37385,1.1,0x95,HS-DSI to DeviceNet,This is an EDS file for a PowerFlex 525 via a 25-COMM-D card in single-drive mode,0x3,0x1,25B-A2P5...,
EDS_PF525_V6\DeviceNet,0001009592090400.eds,1,149,37385,1.1,0x95,HS-DSI to DeviceNet,This is an EDS file for a PowerFlex 525 via a 25-COMM-D card in single-drive mode,0x4,0x1,25B-A2P5...,
EDS_PF525_V6\DeviceNet,0001009592090500.eds,1,149,37385,1.1,0x95,HS-DSI to DeviceNet,This is an EDS file for a PowerFlex 525 via a 25-COMM-D card in single-drive mode,0x5,0x1,25B-A2P5...,
EDS_PF525_V6\DeviceNet,0001009592090600.eds,1,149,37385,1.1,0x95,HS-DSI to DeviceNet,This is an EDS file for a PowerFlex 525 via a 25-COMM-D card in single-drive mode,0x6,0x1,25B-A2P5...,
EDS_PF525_V6\DeviceNet,0001009594090100.eds,1,149,37897,1.1,0x95,HS-DSI to DeviceNet,This is an EDS file for a PowerFlex 525 via a 25-COMM-D card in single-drive mode,0x1,0x3,25B-A4P8...,
EDS_PF525_V6\DeviceNet,0001009594090200.eds,1,149,37897,1.1,0x95,HS-DSI to DeviceNet,This is an EDS file for a PowerFlex 525 via a 25-COMM-D card in single-drive mode,0x2,0x2,25B-A4P8...,
EDS_PF525_V6\DeviceNet,0001009594090300.eds,1,149,37897,1.1,0x95,HS-DSI to DeviceNet,This is an EDS file for a PowerFlex 525 via a 25-COMM-D card in single-drive mode,0x3,0x1,25B-A4P8...,
EDS_PF525_V6\DeviceNet,0001009594090400.eds,1,149,37897,1.1,0x95,HS-DSI to DeviceNet,This is an EDS file for a PowerFlex 525 via a 25-COMM-D card in single-drive mode,0x4,0x1,25B-A4P8...,
EDS_PF525_V6\DeviceNet,0001009594090500.eds,1,149,37897,1.1,0x95,HS-DSI to DeviceNet,This is an EDS file for a PowerFlex 525 via a 25-COMM-D card in single-drive mode,0x5,0x1,25B-A4P8...,
EDS_PF525_V6\DeviceNet,0001009594090600.eds,1,149,37897,1.1,0x95,HS-DSI to DeviceNet,This is an EDS file for a PowerFlex 525 via a 25-COMM-D card in single-drive mode,0x6,0x1,25B-A4P8...,
EDS_PF525_V6\DeviceNet,0001009596090100.eds,1,149,38409,1.1,0x95,HS-DSI to DeviceNet,This is an EDS file for a PowerFlex 525 via a 25-COMM-D card in single-drive mode,0x1,0x3,25B-A8P0...,
EDS_PF525_V6\DeviceNet,0001009596090200.eds,1,149,38409,1.1,0x95,HS-DSI to DeviceNet,This is an EDS file for a PowerFlex 525 via a 25-COMM-D card in single-drive mode,0x2,0x2,25B-A8P0...,
EDS_PF525_V6\DeviceNet,0001009596090300.eds,1,149,38409,1.1,0x95,HS-DSI to DeviceNet,This is an EDS file for a PowerFlex 525 via a 25-COMM-D card in single-drive mode,0x3,0x1,25B-A8P0...,
EDS_PF525_V6\DeviceNet,0001009596090400.eds,1,149,38409,1.1,0x95,HS-DSI to DeviceNet,This is an EDS file for a PowerFlex 525 via a 25-COMM-D card in single-drive mode,0x4,0x1,25B-A8P0...,
EDS_PF525_V6\DeviceNet,0001009596090500.eds,1,149,38409,1.1,0x95,HS-DSI to DeviceNet,This is an EDS file for a PowerFlex 525 via a 25-COMM-D card in single-drive mode,0x5,0x1,25B-A8P0...,
EDS_PF525_V6\DeviceNet,0001009596090600.eds,1,149,38409,1.1,0x95,HS-DSI to DeviceNet,This is an EDS file for a PowerFlex 525 via a 25-COMM-D card in single-drive mode,0x6,0x1,25B-A8P0...,
EDS_PF525_V6\DeviceNet,0001009597090100.eds,1,149,38665,1.1,0x95,HS-DSI to DeviceNet,This is an EDS file for a PowerFlex 525 via a 25-COMM-D card in single-drive mode,0x1,0x3,25B-A011...,
EDS_PF525_V6\DeviceNet,0001009597090200.eds,1,149,38665,1.1,0x95,HS-DSI to DeviceNet,This is an EDS file for a PowerFlex 525 via a 25-COMM-D card in single-drive mode,0x2,0x2,25B-A011...,
EDS_PF525_V6\DeviceNet,0001009597090300.eds,1,149,38665,1.1,0x95,HS-DSI to DeviceNet,This is an EDS file for a PowerFlex 525 via a 25-COMM-D card in single-drive mode,0x3,0x1,25B-A011...,
EDS_PF525_V6\DeviceNet,0001009597090400.eds,1,149,38665,1.1,0x95,HS-DSI to DeviceNet,This is an EDS file for a PowerFlex 525 via a 25-COMM-D card in single-drive mode,0x4,0x1,25B-A011...,
EDS_PF525_V6\DeviceNet,0001009597090500.eds,1,149,38665,1.1,0x95,HS-DSI to DeviceNet,This is an EDS file for a PowerFlex 525 via a 25-COMM-D card in single-drive mode,0x5,0x1,25B-A011...,
EDS_PF525_V6\DeviceNet,0001009597090600.eds,1,149,38665,1.1,0x95,HS-DSI to DeviceNet,This is an EDS file for a PowerFlex 525 via a 25-COMM-D card in single-drive mode,0x6,0x1,25B-A011...,
EDS_PF525_V6\DeviceNet,00010095A2090100.eds,1,149,41481,1.1,0x95,HS-DSI to DeviceNet,This is an EDS file for a PowerFlex 525 via a 25-COMM-D card in single-drive mode,0x1,0x3,25B-A2P5...,
EDS_PF525_V6\DeviceNet,00010095A4090100.eds,1,149,41993,1.1,0x95,HS-DSI to DeviceNet,This is an EDS file for a PowerFlex 525 via a 25-COMM-D card in single-drive mode,0x1,0x3,25B-A4P8...,
EDS_PF525_V6\DeviceNet,00010095A6090100.eds,1,149,42505,1.1,0x95,HS-DSI to DeviceNet,This is an EDS file for a PowerFlex 525 via a 25-COMM-D card in single-drive mode,0x1,0x3,25B-A8P0...,
EDS_PF525_V6\DeviceNet,00010095A7090100.eds,1,149,42761,1.1,0x95,HS-DSI to DeviceNet,This is an EDS file for a PowerFlex 525 via a 25-COMM-D card in single-drive mode,0x1,0x3,25B-A011...,
EDS_PF525_V6\DeviceNet,00010095B2090100.eds,1,149,45577,1.1,0x95,HS-DSI to DeviceNet,This is an EDS file for a PowerFlex 525 via a 25-COMM-D card in single-drive mode,0x1,0x3,25B-B2P5...,
EDS_PF525_V6\DeviceNet,00010095B2090200.eds,1,149,45577,1.1,0x95,HS-DSI to DeviceNet,This is an EDS file for a PowerFlex 525 via a 25-COMM-D card in single-drive mode,0x2,0x2,25B-B2P5...,
EDS_PF525_V6\DeviceNet,00010095B2090300.eds,1,149,45577,1.1,0x95,HS-DSI to DeviceNet,This is an EDS file for a PowerFlex 525 via a 25-COMM-D card in single-drive mode,0x3,0x1,25B-B2P5...,
EDS_PF525_V6\DeviceNet,00010095B2090400.eds,1,149,45577,1.1,0x95,HS-DSI to DeviceNet,This is an EDS file for a PowerFlex 525 via a 25-COMM-D card in single-drive mode,0x4,0x1,25B-B2P5...,
EDS_PF525_V6\DeviceNet,00010095B2090500.eds,1,149,45577,1.1,0x95,HS-DSI to DeviceNet,This is an EDS file for a PowerFlex 525 via a 25-COMM-D card in single-drive mode,0x5,0x1,25B-B2P5...,
EDS_PF525_V6\DeviceNet,00010095B2090600.eds,1,149,45577,1.1,0x95,HS-DSI to DeviceNet,This is an EDS file for a PowerFlex 525 via a 25-COMM-D card in single-drive mode,0x6,0x1,25B-B2P5...,
EDS_PF525_V6\DeviceNet,00010095B4090100.eds,1,149,46089,1.1,0x95,HS-DSI to DeviceNet,This is an EDS file for a PowerFlex 525 via a 25-COMM-D card in single-drive mode,0x1,0x3,25B-B5P0...,
EDS_PF525_V6\DeviceNet,00010095B4090200.eds,1,149,46089,1.1,0x95,HS-DSI to DeviceNet,This is an EDS file for a PowerFlex 525 via a 25-COMM-D card in single-drive mode,0x2,0x2,25B-B5P0...,
EDS_PF525_V6\DeviceNet,00010095B4090300.eds,1,149,46089,1.1,0x95,HS-DSI to DeviceNet,This is an EDS file for a PowerFlex 525 via a 25-COMM-D card in single-drive mode,0x3,0x1,25B-B5P0...,
EDS_PF525_V6\DeviceNet,00010095B4090400.eds,1,149,46089,1.1,0x95,HS-DSI to DeviceNet,This is an EDS file for a PowerFlex 525 via a 25-COMM-D card in single-drive mode,0x4,0x1,25B-B5P0...,
EDS_PF525_V6\DeviceNet,00010095B4090500.eds,1,149,46089,1.1,0x95,HS-DSI to DeviceNet,This is an EDS file for a PowerFlex 525 via a 25-COMM-D card in single-drive mode,0x5,0x1,25B-B5P0...,
EDS_PF525_V6\DeviceNet,00010095B4090600.eds,1,149,46089,1.1,0x95,HS-DSI to DeviceNet,This is an EDS file for a PowerFlex 525 via a 25-COMM-D card in single-drive mode,0x6,0x1,25B-B5P0...,
EDS_PF525_V6\DeviceNet,00010095B6090100.eds,1,149,46601,1.1,0x95,HS-DSI to DeviceNet,This is an EDS file for a PowerFlex 525 via a 25-COMM-D card in single-drive mode,0x1,0x3,25B-B8P0...,
EDS_PF525_V6\DeviceNet,00010095B6090200.eds,1,149,46601,1.1,0x95,HS-DSI to DeviceNet,This is an EDS file for a PowerFlex 525 via a 25-COMM-D card in single-drive mode,0x2,0x2,25B-B8P0...,
EDS_PF525_V6\DeviceNet,00010095B6090300.eds,1,149,46601,1.1,0x95,HS-DSI to DeviceNet,This is an EDS file for a PowerFlex 525 via a 25-COMM-D card in single-drive mode,0x3,0x1,25B-B8P0...,
EDS_PF525_V6\DeviceNet,00010095B6090400.eds,1,149,46601,1.1,0x95,HS-DSI to DeviceNet,This is an EDS file for a PowerFlex 525 via a 25-COMM-D card in single-drive mode,0x4,0x1,25B-B8P0...,
EDS_PF525_V6\DeviceNet,00010095B6090500.eds,1,149,46601,1.1,0x95,HS-DSI to DeviceNet,This is an EDS file for a PowerFlex 525 via a 25-COMM-D card in single-drive mode,0x5,0x1,25B-B8P0...,
EDS_PF525_V6\DeviceNet,00010095B6090600.eds,1,149,46601,1.1,0x95,HS-DSI to DeviceNet,This is an EDS file for a PowerFlex 525 via a 25-COMM-D card in single-drive mode,0x6,0x1,25B-B8P0...,
EDS_PF525_V6\DeviceNet,00010095B7090100.eds,1,149,46857,1.1,0x95,HS-DSI to DeviceNet,This is an EDS file for a PowerFlex 525 via a 25-COMM-D card in single-drive mode,0x1,0x3,25B-B011...,
EDS_PF525_V6\DeviceNet,00010095B7090200.eds,1,149,46857,1.1,0x95,HS-DSI to DeviceNet,This is an EDS file for a PowerFlex 525 via a 25-COMM-D card in single-drive mode,0x2,0x2,25B-B011...,
EDS_PF525_V6\DeviceNet,00010095B7090300.eds,1,149,46857,1.1,0x95,HS-DSI to DeviceNet,This is an EDS file for a PowerFlex 525 via a 25-COMM-D card in single-drive mode,0x3,0x1,25B-B011...,
EDS_PF525_V6\DeviceNet,00010095B7090400.eds,1,149,46857,1.1,0x95,HS-DSI to DeviceNet,This is an EDS file for a PowerFlex 525 via a 25-COMM-D card in single-drive mode,0x4,0x1,25B-B011...,
EDS_PF525_V6\DeviceNet,00010095B7090500.eds,1,149,46857,1.1,0x95,HS-DSI to DeviceNet,This is an EDS file for a PowerFlex 525 via a 25-COMM-D card in single-drive mode,0x5,0x1,25B-B011...,
EDS_PF525_V6\DeviceNet,00010095B7090600.eds,1,149,46857,1.1,0x95,HS-DSI to DeviceNet,This is an EDS file for a PowerFlex 525 via a 25-COMM-D card in single-drive mode,0x6,0x1,25B-B011...,
EDS_PF525_V6\DeviceNet,00010095B8090100.eds,1,149,47113,1.1,0x95,HS-DSI to DeviceNet,This is an EDS file for a PowerFlex 525 via a 25-COMM-D card in single-drive mode,0x1,0x3,25B-B017...,
EDS_PF525_V6\DeviceNet,00010095B8090200.eds,1,149,47113,1.1,0x95,HS-DSI to DeviceNet,This is an EDS file for a PowerFlex 525 via a 25-COMM-D card in single-drive mode,0x2,0x2,25B-B017...,
EDS_PF525_V6\DeviceNet,00010095B8090300.eds,1,149,47113,1.1,0x95,HS-DSI to DeviceNet,This is an EDS file for a PowerFlex 525 via a 25-COMM-D card in single-drive mode,0x3,0x1,25B-B017...,
EDS_PF525_V6\DeviceNet,00010095B8090400.eds,1,149,47113,1.1,0x95,HS-DSI to DeviceNet,This is an EDS file for a PowerFlex 525 via a 25-COMM-D card in single-drive mode,0x4,0x1,25B-B017...,
EDS_PF525_V6\DeviceNet,00010095B8090500.eds,1,149,47113,1.1,0x95,HS-DSI to DeviceNet,This is an EDS file for a PowerFlex 525 via a 25-COMM-D card in single-drive mode,0x5,0x1,25B-B017...,
EDS_PF525_V6\DeviceNet,00010095B8090600.eds,1,149,47113,1.1,0x95,HS-DSI to DeviceNet,This is an EDS file for a PowerFlex 525 via a 25-COMM-D card in single-drive mode,0x6,0x1,25B-B017...,
EDS_PF525_V6\DeviceNet,00010095B9090100.eds,1,149,47369,1.1,0x95,HS-DSI to DeviceNet,This is an EDS file for a PowerFlex 525 via a 25-COMM-D card in single-drive mode,0x1,0x3,25B-B024...,
EDS_PF525_V6\DeviceNet,00010095B9090200.eds,1,149,47369,1.1,0x95,HS-DSI to DeviceNet,This is an EDS file for a PowerFlex 525 via a 25-COMM-D card in single-drive mode,0x2,0x2,25B-B024...,
EDS_PF525_V6\DeviceNet,00010095B9090300.eds,1,149,47369,1.1,0x95,HS-DSI to DeviceNet,This is an EDS file for a PowerFlex 525 via a 25-COMM-D card in single-drive mode,0x3,0x1,25B-B024...,
EDS_PF525_V6\DeviceNet,00010095B9090400.eds,1,149,47369,1.1,0x95,HS-DSI to DeviceNet,This is an EDS file for a PowerFlex 525 via a 25-COMM-D card in single-drive mode,0x4,0x1,25B-B024...,
EDS_PF525_V6\DeviceNet,00010095B9090500.eds,1,149,47369,1.1,0x95,HS-DSI to DeviceNet,This is an EDS file for a PowerFlex 525 via a 25-COMM-D card in single-drive mode,0x5,0x1,25B-B024...,
EDS_PF525_V6\DeviceNet,00010095B9090600.eds,1,149,47369,1.1,0x95,HS-DSI to DeviceNet,This is an EDS file for a PowerFlex 525 via a 25-COMM-D card in single-drive mode,0x6,0x1,25B-B024...,
EDS_PF525_V6\DeviceNet,00010095BA090100.eds,1,149,47625,1.1,0x95,HS-DSI to DeviceNet,This is an EDS file for a PowerFlex 525 via a 25-COMM-D card in single-drive mode,0x1,0x3,25B-B032...,
EDS_PF525_V6\DeviceNet,00010095BA090200.eds,1,149,47625,1.1,0x95,HS-DSI to DeviceNet,This is an EDS file for a PowerFlex 525 via a 25-COMM-D card in single-drive mode,0x2,0x2,25B-B032...,
EDS_PF525_V6\DeviceNet,00010095BA090300.eds,1,149,47625,1.1,0x95,HS-DSI to DeviceNet,This is an EDS file for a PowerFlex 525 via a 25-COMM-D card in single-drive mode,0x3,0x1,25B-B032...,
EDS_PF525_V6\DeviceNet,00010095BA090400.eds,1,149,47625,1.1,0x95,HS-DSI to DeviceNet,This is an EDS file for a PowerFlex 525 via a 25-COMM-D card in single-drive mode,0x4,0x1,25B-B032...,
EDS_PF525_V6\DeviceNet,00010095BA090500.eds,1,149,47625,1.1,0x95,HS-DSI to DeviceNet,This is an EDS file for a PowerFlex 525 via a 25-COMM-D card in single-drive mode,0x5,0x1,25B-B032...,
EDS_PF525_V6\DeviceNet,00010095BA090600.eds,1,149,47625,1.1,0x95,HS-DSI to DeviceNet,This is an EDS file for a PowerFlex 525 via a 25-COMM-D card in single-drive mode,0x6,0x1,25B-B032...,
EDS_PF525_V6\DeviceNet,00010095BB090100.eds,1,149,47881,1.1,0x95,HS-DSI to DeviceNet,This is an EDS file for a PowerFlex 525 via a 25-COMM-D card in single-drive mode,0x1,0x3,25B-B048...,
EDS_PF525_V6\DeviceNet,00010095BB090200.eds,1,149,47881,1.1,0x95,HS-DSI to DeviceNet,This is an EDS file for a PowerFlex 525 via a 25-COMM-D card in single-drive mode,0x2,0x2,25B-B048...,
EDS_PF525_V6\DeviceNet,00010095BB090300.eds,1,149,47881,1.1,0x95,HS-DSI to DeviceNet,This is an EDS file for a PowerFlex 525 via a 25-COMM-D card in single-drive mode,0x3,0x1,25B-B048...,
EDS_PF525_V6\DeviceNet,00010095BB090400.eds,1,149,47881,1.1,0x95,HS-DSI to DeviceNet,This is an EDS file for a PowerFlex 525 via a 25-COMM-D card in single-drive mode,0x4,0x1,25B-B048...,
EDS_PF525_V6\DeviceNet,00010095BB090500.eds,1,149,47881,1.1,0x95,HS-DSI to DeviceNet,This is an EDS file for a PowerFlex 525 via a 25-COMM-D card in single-drive mode,0x5,0x1,25B-B048...,
EDS_PF525_V6\DeviceNet,00010095BB090600.eds,1,149,47881,1.1,0x95,HS-DSI to DeviceNet,This is an EDS file for a PowerFlex 525 via a 25-COMM-D card in single-drive mode,0x6,0x1,25B-B048...,
EDS_PF525_V6\DeviceNet,00010095BC090100.eds,1,149,48137,1.1,0x95,HS-DSI to DeviceNet,This is an EDS file for a PowerFlex 525 via a 25-COMM-D card in single-drive mode,0x1,0x3,25B-B062...,
EDS_PF525_V6\DeviceNet,00010095BC090200.eds,1,149,48137,1.1,0x95,HS-DSI to DeviceNet,This is an EDS file for a PowerFlex 525 via a 25-COMM-D card in single-drive mode,0x2,0x2,25B-B062...,
EDS_PF525_V6\DeviceNet,00010095BC090300.eds,1,149,48137,1.1,0x95,HS-DSI to DeviceNet,This is an EDS file for a PowerFlex 525 via a 25-COMM-D card in single-drive mode,0x3,0x1,25B-B062...,
EDS_PF525_V6\DeviceNet,00010095BC090400.eds,1,149,48137,1.1,0x95,HS-DSI to DeviceNet,This is an EDS file for a PowerFlex 525 via a 25-COMM-D card in single-drive mode,0x4,0x1,25B-B062...,
EDS_PF525_V6\DeviceNet,00010095BC090500.eds,1,149,48137,1.1,0x95,HS-DSI to DeviceNet,This is an EDS file for a PowerFlex 525 via a 25-COMM-D card in single-drive mode,0x5,0x1,25B-B062...,
EDS_PF525_V6\DeviceNet,00010095BC090600.eds,1,149,48137,1.1,0x95,HS-DSI to DeviceNet,This is an EDS file for a PowerFlex 525 via a 25-COMM-D card in single-drive mode,0x6,0x1,25B-B062...,
EDS_PF525_V6\DeviceNet,00010095C2090100.eds,1,149,49673,1.1,0x95,HS-DSI to DeviceNet,This is an EDS file for a PowerFlex 525 via a 25-COMM-D card in single-drive mode,0x1,0x3,25B-D1P4...,
EDS_PF525_V6\DeviceNet,00010095C2090200.eds,1,149,49673,1.1,0x95,HS-DSI to DeviceNet,This is an EDS file for a PowerFlex 525 via a 25-COMM-D card in single-drive mode,0x2,0x2,25B-D1P4...,
EDS_PF525_V6\DeviceNet,00010095C2090300.eds,1,149,49673,1.1,0x95,HS-DSI to DeviceNet,This is an EDS file for a PowerFlex 525 via a 25-COMM-D card in single-drive mode,0x3,0x1,25B-D1P4...,
EDS_PF525_V6\DeviceNet,00010095C2090400.eds,1,149,49673,1.1,0x95,HS-DSI to DeviceNet,This is an EDS file for a PowerFlex 525 via a 25-COMM-D card in single-drive mode,0x4,0x1,25B-D1P4...,
EDS_PF525_V6\DeviceNet,00010095C2090500.eds,1,149,49673,1.1,0x95,HS-DSI to DeviceNet,This is an EDS file for a PowerFlex 525 via a 25-COMM-D card in single-drive mode,0x5,0x1,25B-D1P4...,
EDS_PF525_V6\DeviceNet,00010095C2090600.eds,1,149,49673,1.1,0x95,HS-DSI to DeviceNet,This is an EDS file for a PowerFlex 525 via a 25-COMM-D card in single-drive mode,0x6,0x1,25B-D1P4...,
EDS_PF525_V6\DeviceNet,00010095C4090100.eds,1,149,50185,1.1,0x95,HS-DSI to DeviceNet,This is an EDS file for a PowerFlex 525 via a 25-COMM-D card in single-drive mode,0x1,0x3,25B-D2P3...,
EDS_PF525_V6\DeviceNet,00010095C4090200.eds,1,149,50185,1.1,0x95,HS-DSI to DeviceNet,This is an EDS file for a PowerFlex 525 via a 25-COMM-D card in single-drive mode,0x2,0x2,25B-D2P3...,
EDS_PF525_V6\DeviceNet,00010095C4090300.eds,1,149,50185,1.1,0x95,HS-DSI to DeviceNet,This is an EDS file for a PowerFlex 525 via a 25-COMM-D card in single-drive mode,0x3,0x1,25B-D2P3...,
EDS_PF525_V6\DeviceNet,00010095C4090400.eds,1,149,50185,1.1,0x95,HS-DSI to DeviceNet,This is an EDS file for a PowerFlex 525 via a 25-COMM-D card in single-drive mode,0x4,0x1,25B-D2P3...,
EDS_PF525_V6\DeviceNet,00010095C4090500.eds,1,149,50185,1.1,0x95,HS-DSI to DeviceNet,This is an EDS file for a PowerFlex 525 via a 25-COMM-D card in single-drive mode,0x5,0x1,25B-D2P3...,
EDS_PF525_V6\DeviceNet,00010095C4090600.eds,1,149,50185,1.1,0x95,HS-DSI to DeviceNet,This is an EDS file for a PowerFlex 525 via a 25-COMM-D card in single-drive mode,0x6,0x1,25B-D2P3...,
EDS_PF525_V6\DeviceNet,00010095C6090100.eds,1,149,50697,1.1,0x95,HS-DSI to DeviceNet,This is an EDS file for a PowerFlex 525 via a 25-COMM-D card in single-drive mode,0x1,0x3,25B-D4P0...,
EDS_PF525_V6\DeviceNet,00010095C6090200.eds,1,149,50697,1.1,0x95,HS-DSI to DeviceNet,This is an EDS file for a PowerFlex 525 via a 25-COMM-D card in single-drive mode,0x2,0x2,25B-D4P0...,
EDS_PF525_V6\DeviceNet,00010095C6090300.eds,1,149,50697,1.1,0x95,HS-DSI to DeviceNet,This is an EDS file for a PowerFlex 525 via a 25-COMM-D card in single-drive mode,0x3,0x1,25B-D4P0...,
EDS_PF525_V6\DeviceNet,00010095C6090400.eds,1,149,50697,1.1,0x95,HS-DSI to DeviceNet,This is an EDS file for a PowerFlex 525 via a 25-COMM-D card in single-drive mode,0x4,0x1,25B-D4P0...,
EDS_PF525_V6\DeviceNet,00010095C6090500.eds,1,149,50697,1.1,0x95,HS-DSI to DeviceNet,This is an EDS file for a PowerFlex 525 via a 25-COMM-D card in single-drive mode,0x5,0x1,25B-D4P0...,
EDS_PF525_V6\DeviceNet,00010095C6090600.eds,1,149,50697,1.1,0x95,HS-DSI to DeviceNet,This is an EDS file for a PowerFlex 525 via a 25-COMM-D card in single-drive mode,0x6,0x1,25B-D4P0...,
EDS_PF525_V6\DeviceNet,00010095C7090100.eds,1,149,50953,1.1,0x95,HS-DSI to DeviceNet,This is an EDS file for a PowerFlex 525 via a 25-COMM-D card in single-drive mode,0x1,0x3,25B-D6P0...,
EDS_PF525_V6\DeviceNet,00010095C7090200.eds,1,149,50953,1.1,0x95,HS-DSI to DeviceNet,This is an EDS file for a PowerFlex 525 via a 25-COMM-D card in single-drive mode,0x2,0x2,25B-D6P0...,
EDS_PF525_V6\DeviceNet,00010095C7090300.eds,1,149,50953,1.1,0x95,HS-DSI to DeviceNet,This is an EDS file for a PowerFlex 525 via a 25-COMM-D card in single-drive mode,0x3,0x1,25B-D6P0...,
EDS_PF525_V6\DeviceNet,00010095C7090400.eds,1,149,50953,1.1,0x95,HS-DSI to DeviceNet,This is an EDS file for a PowerFlex 525 via a 25-COMM-D card in single-drive mode,0x4,0x1,25B-D6P0...,
EDS_PF525_V6\DeviceNet,00010095C7090500.eds,1,149,50953,1.1,0x95,HS-DSI to DeviceNet,This is an EDS file for a PowerFlex 525 via a 25-COMM-D card in single-drive mode,0x5,0x1,25B-D6P0...,
EDS_PF525_V6\DeviceNet,00010095C7090600.eds,1,149,50953,1.1,0x95,HS-DSI to DeviceNet,This is an EDS file for a PowerFlex 525 via a 25-COMM-D card in single-drive mode,0x6,0x1,25B-D6P0...,
EDS_PF525_V6\DeviceNet,00010095C8090100.eds,1,149,51209,1.1,0x95,HS-DSI to DeviceNet,This is an EDS file for a PowerFlex 525 via a 25-COMM-D card in single-drive mode,0x1,0x3,25B-D010...,
EDS_PF525_V6\DeviceNet,00010095C8090200.eds,1,149,51209,1.1,0x95,HS-DSI to DeviceNet,This is an EDS file for a PowerFlex 525 via a 25-COMM-D card in single-drive mode,0x2,0x2,25B-D010...,
EDS_PF525_V6\DeviceNet,00010095C8090300.eds,1,149,51209,1.1,0x95,HS-DSI to DeviceNet,This is an EDS file for a PowerFlex 525 via a 25-COMM-D card in single-drive mode,0x3,0x1,25B-D010...,
EDS_PF525_V6\DeviceNet,00010095C8090400.eds,1,149,51209,1.1,0x95,HS-DSI to DeviceNet,This is an EDS file for a PowerFlex 525 via a 25-COMM-D card in single-drive mode,0x4,0x1,25B-D010...,
EDS_PF525_V6\DeviceNet,00010095C8090500.eds,1,149,51209,1.1,0x95,HS-DSI to DeviceNet,This is an EDS file for a PowerFlex 525 via a 25-COMM-D card in single-drive mode,0x5,0x1,25B-D010...,
EDS_PF525_V6\DeviceNet,00010095C8090600.eds,1,149,51209,1.1,0x95,HS-DSI to DeviceNet,This is an EDS file for a PowerFlex 525 via a 25-COMM-D card in single-drive mode,0x6,0x1,25B-D010...,
EDS_PF525_V6\DeviceNet,00010095C9090100.eds,1,149,51465,1.1,0x95,HS-DSI to DeviceNet,This is an EDS file for a PowerFlex 525 via a 25-COMM-D card in single-drive mode,0x1,0x3,25B-D013...,
EDS_PF525_V6\DeviceNet,00010095C9090200.eds,1,149,51465,1.1,0x95,HS-DSI to DeviceNet,This is an EDS file for a PowerFlex 525 via a 25-COMM-D card in single-drive mode,0x2,0x2,25B-D013...,
EDS_PF525_V6\DeviceNet,00010095C9090300.eds,1,149,51465,1.1,0x95,HS-DSI to DeviceNet,This is an EDS file for a PowerFlex 525 via a 25-COMM-D card in single-drive mode,0x3,0x1,25B-D013...,
EDS_PF525_V6\DeviceNet,00010095C9090400.eds,1,149,51465,1.1,0x95,HS-DSI to DeviceNet,This is an EDS file for a PowerFlex 525 via a 25-COMM-D card in single-drive mode,0x4,0x1,25B-D013...,
EDS_PF525_V6\DeviceNet,00010095C9090500.eds,1,149,51465,1.1,0x95,HS-DSI to DeviceNet,This is an EDS file for a PowerFlex 525 via a 25-COMM-D card in single-drive mode,0x5,0x1,25B-D013...,
EDS_PF525_V6\DeviceNet,00010095C9090600.eds,1,149,51465,1.1,0x95,HS-DSI to DeviceNet,This is an EDS file for a PowerFlex 525 via a 25-COMM-D card in single-drive mode,0x6,0x1,25B-D013...,
EDS_PF525_V6\DeviceNet,00010095CA090100.eds,1,149,51721,1.1,0x95,HS-DSI to DeviceNet,This is an EDS file for a PowerFlex 525 via a 25-COMM-D card in single-drive mode,0x1,0x3,25B-D017...,
EDS_PF525_V6\DeviceNet,00010095CA090200.eds,1,149,51721,1.1,0x95,HS-DSI to DeviceNet,This is an EDS file for a PowerFlex 525 via a 25-COMM-D card in single-drive mode,0x2,0x2,25B-D017...,
EDS_PF525_V6\DeviceNet,00010095CA090300.eds,1,149,51721,1.1,0x95,HS-DSI to DeviceNet,This is an EDS file for a PowerFlex 525 via a 25-COMM-D card in single-drive mode,0x3,0x1,25B-D017...,
EDS_PF525_V6\DeviceNet,00010095CA090400.eds,1,149,51721,1.1,0x95,HS-DSI to DeviceNet,This is an EDS file for a PowerFlex 525 via a 25-COMM-D card in single-drive mode,0x4,0x1,25B-D017...,
EDS_PF525_V6\DeviceNet,00010095CA090500.eds,1,149,51721,1.1,0x95,HS-DSI to DeviceNet,This is an EDS file for a PowerFlex 525 via a 25-COMM-D card in single-drive mode,0x5,0x1,25B-D017...,
EDS_PF525_V6\DeviceNet,00010095CA090600.eds,1,149,51721,1.1,0x95,HS-DSI to DeviceNet,This is an EDS file for a PowerFlex 525 via a 25-COMM-D card in single-drive mode,0x6,0x1,25B-D017...,
EDS_PF525_V6\DeviceNet,00010095CB090100.eds,1,149,51977,1.1,0x95,HS-DSI to DeviceNet,This is an EDS file for a PowerFlex 525 via a 25-COMM-D card in single-drive mode,0x1,0x3,25B-D024...,
EDS_PF525_V6\DeviceNet,00010095CB090200.eds,1,149,51977,1.1,0x95,HS-DSI to DeviceNet,This is an EDS file for a PowerFlex 525 via a 25-COMM-D card in single-drive mode,0x2,0x2,25B-D024...,
EDS_PF525_V6\DeviceNet,00010095CB090300.eds,1,149,51977,1.1,0x95,HS-DSI to DeviceNet,This is an EDS file for a PowerFlex 525 via a 25-COMM-D card in single-drive mode,0x3,0x1,25B-D024...,
EDS_PF525_V6\DeviceNet,00010095CB090400.eds,1,149,51977,1.1,0x95,HS-DSI to DeviceNet,This is an EDS file for a PowerFlex 525 via a 25-COMM-D card in single-drive mode,0x4,0x1,25B-D024...,
EDS_PF525_V6\DeviceNet,00010095CB090500.eds,1,149,51977,1.1,0x95,HS-DSI to DeviceNet,This is an EDS file for a PowerFlex 525 via a 25-COMM-D card in single-drive mode,0x5,0x1,25B-D024...,
EDS_PF525_V6\DeviceNet,00010095CB090600.eds,1,149,51977,1.1,0x95,HS-DSI to DeviceNet,This is an EDS file for a PowerFlex 525 via a 25-COMM-D card in single-drive mode,0x6,0x1,25B-D024...,
EDS_PF525_V6\DeviceNet,00010095CC090100.eds,1,149,52233,1.1,0x95,HS-DSI to DeviceNet,This is an EDS file for a PowerFlex 525 via a 25-COMM-D card in single-drive mode,0x1,0x3,25B-D030...,
EDS_PF525_V6\DeviceNet,00010095CC090200.eds,1,149,52233,1.1,0x95,HS-DSI to DeviceNet,This is an EDS file for a PowerFlex 525 via a 25-COMM-D card in single-drive mode,0x2,0x2,25B-D030...,
EDS_PF525_V6\DeviceNet,00010095CC090300.eds,1,149,52233,1.1,0x95,HS-DSI to DeviceNet,This is an EDS file for a PowerFlex 525 via a 25-COMM-D card in single-drive mode,0x3,0x1,25B-D030...,
EDS_PF525_V6\DeviceNet,00010095CC090400.eds,1,149,52233,1.1,0x95,HS-DSI to DeviceNet,This is an EDS file for a PowerFlex 525 via a 25-COMM-D card in single-drive mode,0x4,0x1,25B-D030...,
EDS_PF525_V6\DeviceNet,00010095CC090500.eds,1,149,52233,1.1,0x95,HS-DSI to DeviceNet,This is an EDS file for a PowerFlex 525 via a 25-COMM-D card in single-drive mode,0x5,0x1,25B-D030...,
EDS_PF525_V6\DeviceNet,00010095CC090600.eds,1,149,52233,1.1,0x95,HS-DSI to DeviceNet,This is an EDS file for a PowerFlex 525 via a 25-COMM-D card in single-drive mode,0x6,0x1,25B-D030...,
EDS_PF525_V6\DeviceNet,00010095CD090100.eds,1,149,52489,1.1,0x95,HS-DSI to DeviceNet,This is an EDS file for a PowerFlex 525 via a 25-COMM-D card in single-drive mode,0x1,0x3,25B-D037...,
EDS_PF525_V6\DeviceNet,00010095CD090200.eds,1,149,52489,1.1,0x95,HS-DSI to DeviceNet,This is an EDS file for a PowerFlex 525 via a 25-COMM-D card in single-drive mode,0x2,0x2,25B-D037...,
EDS_PF525_V6\DeviceNet,00010095CD090300.eds,1,149,52489,1.1,0x95,HS-DSI to DeviceNet,This is an EDS file for a PowerFlex 525 via a 25-COMM-D card in single-drive mode,0x3,0x1,25B-D037...,
EDS_PF525_V6\DeviceNet,00010095CD090400.eds,1,149,52489,1.1,0x95,HS-DSI to DeviceNet,This is an EDS file for a PowerFlex 525 via a 25-COMM-D card in single-drive mode,0x4,0x1,25B-D037...,
EDS_PF525_V6\DeviceNet,00010095CD090500.eds,1,149,52489,1.1,0x95,HS-DSI to DeviceNet,This is an EDS file for a PowerFlex 525 via a 25-COMM-D card in single-drive mode,0x5,0x1,25B-D037...,
EDS_PF525_V6\DeviceNet,00010095CD090600.eds,1,149,52489,1.1,0x95,HS-DSI to DeviceNet,This is an EDS file for a PowerFlex 525 via a 25-COMM-D card in single-drive mode,0x6,0x1,25B-D037...,
EDS_PF525_V6\DeviceNet,00010095CE090100.eds,1,149,52745,1.1,0x95,HS-DSI to DeviceNet,This is an EDS file for a PowerFlex 525 via a 25-COMM-D card in single-drive mode,0x1,0x3,25B-D043...,
EDS_PF525_V6\DeviceNet,00010095CE090200.eds,1,149,52745,1.1,0x95,HS-DSI to DeviceNet,This is an EDS file for a PowerFlex 525 via a 25-COMM-D card in single-drive mode,0x2,0x2,25B-D043...,
EDS_PF525_V6\DeviceNet,00010095CE090300.eds,1,149,52745,1.1,0x95,HS-DSI to DeviceNet,This is an EDS file for a PowerFlex 525 via a 25-COMM-D card in single-drive mode,0x3,0x1,25B-D043...,
EDS_PF525_V6\DeviceNet,00010095CE090400.eds,1,149,52745,1.1,0x95,HS-DSI to DeviceNet,This is an EDS file for a PowerFlex 525 via a 25-COMM-D card in single-drive mode,0x4,0x1,25B-D043...,
EDS_PF525_V6\DeviceNet,00010095CE090500.eds,1,149,52745,1.1,0x95,HS-DSI to DeviceNet,This is an EDS file for a PowerFlex 525 via a 25-COMM-D card in single-drive mode,0x5,0x1,25B-D043...,
EDS_PF525_V6\DeviceNet,00010095CE090600.eds,1,149,52745,1.1,0x95,HS-DSI to DeviceNet,This is an EDS file for a PowerFlex 525 via a 25-COMM-D card in single-drive mode,0x6,0x1,25B-D043...,
EDS_PF525_V6\DeviceNet,00010095D2090100.eds,1,149,53769,1.1,0x95,HS-DSI to DeviceNet,This is an EDS file for a PowerFlex 525 via a 25-COMM-D card in single-drive mode,0x1,0x3,25B-E0P9...,
EDS_PF525_V6\DeviceNet,00010095D2090200.eds,1,149,53769,1.1,0x95,HS-DSI to DeviceNet,This is an EDS file for a PowerFlex 525 via a 25-COMM-D card in single-drive mode,0x2,0x2,25B-E0P9...,
EDS_PF525_V6\DeviceNet,00010095D2090300.eds,1,149,53769,1.1,0x95,HS-DSI to DeviceNet,This is an EDS file for a PowerFlex 525 via a 25-COMM-D card in single-drive mode,0x3,0x1,25B-E0P9...,
EDS_PF525_V6\DeviceNet,00010095D2090400.eds,1,149,53769,1.1,0x95,HS-DSI to DeviceNet,This is an EDS file for a PowerFlex 525 via a 25-COMM-D card in single-drive mode,0x4,0x1,25B-E0P9...,
EDS_PF525_V6\DeviceNet,00010095D2090500.eds,1,149,53769,1.1,0x95,HS-DSI to DeviceNet,This is an EDS file for a PowerFlex 525 via a 25-COMM-D card in single-drive mode,0x5,0x1,25B-E0P9...,
EDS_PF525_V6\DeviceNet,00010095D2090600.eds,1,149,53769,1.1,0x95,HS-DSI to DeviceNet,This is an EDS file for a PowerFlex 525 via a 25-COMM-D card in single-drive mode,0x6,0x1,25B-E0P9...,
EDS_PF525_V6\DeviceNet,00010095D4090100.eds,1,149,54281,1.1,0x95,HS-DSI to DeviceNet,This is an EDS file for a PowerFlex 525 via a 25-COMM-D card in single-drive mode,0x1,0x3,25B-E1P7...,
EDS_PF525_V6\DeviceNet,00010095D4090200.eds,1,149,54281,1.1,0x95,HS-DSI to DeviceNet,This is an EDS file for a PowerFlex 525 via a 25-COMM-D card in single-drive mode,0x2,0x2,25B-E1P7...,
EDS_PF525_V6\DeviceNet,00010095D4090300.eds,1,149,54281,1.1,0x95,HS-DSI to DeviceNet,This is an EDS file for a PowerFlex 525 via a 25-COMM-D card in single-drive mode,0x3,0x1,25B-E1P7...,
EDS_PF525_V6\DeviceNet,00010095D4090400.eds,1,149,54281,1.1,0x95,HS-DSI to DeviceNet,This is an EDS file for a PowerFlex 525 via a 25-COMM-D card in single-drive mode,0x4,0x1,25B-E1P7...,
EDS_PF525_V6\DeviceNet,00010095D4090500.eds,1,149,54281,1.1,0x95,HS-DSI to DeviceNet,This is an EDS file for a PowerFlex 525 via a 25-COMM-D card in single-drive mode,0x5,0x1,25B-E1P7...,
EDS_PF525_V6\DeviceNet,00010095D4090600.eds,1,149,54281,1.1,0x95,HS-DSI to DeviceNet,This is an EDS file for a PowerFlex 525 via a 25-COMM-D card in single-drive mode,0x6,0x1,25B-E1P7...,
EDS_PF525_V6\DeviceNet,00010095D6090100.eds,1,149,54793,1.1,0x95,HS-DSI to DeviceNet,This is an EDS file for a PowerFlex 525 via a 25-COMM-D card in single-drive mode,0x1,0x3,25B-E3P0...,
EDS_PF525_V6\DeviceNet,00010095D6090200.eds,1,149,54793,1.1,0x95,HS-DSI to DeviceNet,This is an EDS file for a PowerFlex 525 via a 25-COMM-D card in single-drive mode,0x2,0x2,25B-E3P0...,
EDS_PF525_V6\DeviceNet,00010095D6090300.eds,1,149,54793,1.1,0x95,HS-DSI to DeviceNet,This is an EDS file for a PowerFlex 525 via a 25-COMM-D card in single-drive mode,0x3,0x1,25B-E3P0...,
EDS_PF525_V6\DeviceNet,00010095D6090400.eds,1,149,54793,1.1,0x95,HS-DSI to DeviceNet,This is an EDS file for a PowerFlex 525 via a 25-COMM-D card in single-drive mode,0x4,0x1,25B-E3P0...,
EDS_PF525_V6\DeviceNet,00010095D6090500.eds,1,149,54793,1.1,0x95,HS-DSI to DeviceNet,This is an EDS file for a PowerFlex 525 via a 25-COMM-D card in single-drive mode,0x5,0x1,25B-E3P0...,
EDS_PF525_V6\DeviceNet,00010095D6090600.eds,1,149,54793,1.1,0x95,HS-DSI to DeviceNet,This is an EDS file for a PowerFlex 525 via a 25-COMM-D card in single-drive mode,0x6,0x1,25B-E3P0...,
EDS_PF525_V6\DeviceNet,00010095D7090100.eds,1,149,55049,1.1,0x95,HS-DSI to DeviceNet,This is an EDS file for a PowerFlex 525 via a 25-COMM-D card in single-drive mode,0x1,0x3,25B-E4P2...,
EDS_PF525_V6\DeviceNet,00010095D7090200.eds,1,149,55049,1.1,0x95,HS-DSI to DeviceNet,This is an EDS file for a PowerFlex 525 via a 25-COMM-D card in single-drive mode,0x2,0x2,25B-E4P2...,
EDS_PF525_V6\DeviceNet,00010095D7090300.eds,1,149,55049,1.1,0x95,HS-DSI to DeviceNet,This is an EDS file for a PowerFlex 525 via a 25-COMM-D card in single-drive mode,0x3,0x1,25B-E4P2...,
EDS_PF525_V6\DeviceNet,00010095D7090400.eds,1,149,55049,1.1,0x95,HS-DSI to DeviceNet,This is an EDS file for a PowerFlex 525 via a 25-COMM-D card in single-drive mode,0x4,0x1,25B-E4P2...,
EDS_PF525_V6\DeviceNet,00010095D7090500.eds,1,149,55049,1.1,0x95,HS-DSI to DeviceNet,This is an EDS file for a PowerFlex 525 via a 25-COMM-D card in single-drive mode,0x5,0x1,25B-E4P2...,
EDS_PF525_V6\DeviceNet,00010095D7090600.eds,1,149,55049,1.1,0x95,HS-DSI to DeviceNet,This is an EDS file for a PowerFlex 525 via a 25-COMM-D card in single-drive mode,0x6,0x1,25B-E4P2...,
EDS_PF525_V6\DeviceNet,00010095D8090100.eds,1,149,55305,1.1,0x95,HS-DSI to DeviceNet,This is an EDS file for a PowerFlex 525 via a 25-COMM-D card in single-drive mode,0x1,0x3,25B-E6P6...,
EDS_PF525_V6\DeviceNet,00010095D8090200.eds,1,149,55305,1.1,0x95,HS-DSI to DeviceNet,This is an EDS file for a PowerFlex 525 via a 25-COMM-D card in single-drive mode,0x2,0x2,25B-E6P6...,
EDS_PF525_V6\DeviceNet,00010095D8090300.eds,1,149,55305,1.1,0x95,HS-DSI to DeviceNet,This is an EDS file for a PowerFlex 525 via a 25-COMM-D card in single-drive mode,0x3,0x1,25B-E6P6...,
EDS_PF525_V6\DeviceNet,00010095D8090400.eds,1,149,55305,1.1,0x95,HS-DSI to DeviceNet,This is an EDS file for a PowerFlex 525 via a 25-COMM-D card in single-drive mode,0x4,0x1,25B-E6P6...,
EDS_PF525_V6\DeviceNet,00010095D8090500.eds,1,149,55305,1.1,0x95,HS-DSI to DeviceNet,This is an EDS file for a PowerFlex 525 via a 25-COMM-D card in single-drive mode,0x5,0x1,25B-E6P6...,
EDS_PF525_V6\DeviceNet,00010095D8090600.eds,1,149,55305,1.1,0x95,HS-DSI to DeviceNet,This is an EDS file for a PowerFlex 525 via a 25-COMM-D card in single-drive mode,0x6,0x1,25B-E6P6...,
EDS_PF525_V6\DeviceNet,00010095D9090100.eds,1,149,55561,1.1,0x95,HS-DSI to DeviceNet,This is an EDS file for a PowerFlex 525 via a 25-COMM-D card in single-drive mode,0x1,0x3,25B-E9P9...,
EDS_PF525_V6\DeviceNet,00010095D9090200.eds,1,149,55561,1.1,0x95,HS-DSI to DeviceNet,This is an EDS file for a PowerFlex 525 via a 25-COMM-D card in single-drive mode,0x2,0x2,25B-E9P9...,
EDS_PF525_V6\DeviceNet,00010095D9090300.eds,1,149,55561,1.1,0x95,HS-DSI to DeviceNet,This is an EDS file for a PowerFlex 525 via a 25-COMM-D card in single-drive mode,0x3,0x1,25B-E9P9...,
EDS_PF525_V6\DeviceNet,00010095D9090400.eds,1,149,55561,1.1,0x95,HS-DSI to DeviceNet,This is an EDS file for a PowerFlex 525 via a 25-COMM-D card in single-drive mode,0x4,0x1,25B-E9P9...,
EDS_PF525_V6\DeviceNet,00010095D9090500.eds,1,149,55561,1.1,0x95,HS-DSI to DeviceNet,This is an EDS file for a PowerFlex 525 via a 25-COMM-D card in single-drive mode,0x5,0x1,25B-E9P9...,
EDS_PF525_V6\DeviceNet,00010095D9090600.eds,1,149,55561,1.1,0x95,HS-DSI to DeviceNet,This is an EDS file for a PowerFlex 525 via a 25-COMM-D card in single-drive mode,0x6,0x1,25B-E9P9...,
EDS_PF525_V6\DeviceNet,00010095DA090100.eds,1,149,55817,1.1,0x95,HS-DSI to DeviceNet,This is an EDS file for a PowerFlex 525 via a 25-COMM-D card in single-drive mode,0x1,0x3,25B-E012...,
EDS_PF525_V6\DeviceNet,00010095DA090200.eds,1,149,55817,1.1,0x95,HS-DSI to DeviceNet,This is an EDS file for a PowerFlex 525 via a 25-COMM-D card in single-drive mode,0x2,0x2,25B-E012...,
EDS_PF525_V6\DeviceNet,00010095DA090300.eds,1,149,55817,1.1,0x95,HS-DSI to DeviceNet,This is an EDS file for a PowerFlex 525 via a 25-COMM-D card in single-drive mode,0x3,0x1,25B-E012...,
EDS_PF525_V6\DeviceNet,00010095DA090400.eds,1,149,55817,1.1,0x95,HS-DSI to DeviceNet,This is an EDS file for a PowerFlex 525 via a 25-COMM-D card in single-drive mode,0x4,0x1,25B-E012...,
EDS_PF525_V6\DeviceNet,00010095DA090500.eds,1,149,55817,1.1,0x95,HS-DSI to DeviceNet,This is an EDS file for a PowerFlex 525 via a 25-COMM-D card in single-drive mode,0x5,0x1,25B-E012...,
EDS_PF525_V6\DeviceNet,00010095DA090600.eds,1,149,55817,1.1,0x95,HS-DSI to DeviceNet,This is an EDS file for a PowerFlex 525 via a 25-COMM-D card in single-drive mode,0x6,0x1,25B-E012...,
EDS_PF525_V6\DeviceNet,00010095DB090100.eds,1,149,56073,1.1,0x95,HS-DSI to DeviceNet,This is an EDS file for a PowerFlex 525 via a 25-COMM-D card in single-drive mode,0x1,0x3,25B-E019...,
EDS_PF525_V6\DeviceNet,00010095DB090200.eds,1,149,56073,1.1,0x95,HS-DSI to DeviceNet,This is an EDS file for a PowerFlex 525 via a 25-COMM-D card in single-drive mode,0x2,0x2,25B-E019...,
EDS_PF525_V6\DeviceNet,00010095DB090300.eds,1,149,56073,1.1,0x95,HS-DSI to DeviceNet,This is an EDS file for a PowerFlex 525 via a 25-COMM-D card in single-drive mode,0x3,0x1,25B-E019...,
EDS_PF525_V6\DeviceNet,00010095DB090400.eds,1,149,56073,1.1,0x95,HS-DSI to DeviceNet,This is an EDS file for a PowerFlex 525 via a 25-COMM-D card in single-drive mode,0x4,0x1,25B-E019...,
EDS_PF525_V6\DeviceNet,00010095DB090500.eds,1,149,56073,1.1,0x95,HS-DSI to DeviceNet,This is an EDS file for a PowerFlex 525 via a 25-COMM-D card in single-drive mode,0x5,0x1,25B-E019...,
EDS_PF525_V6\DeviceNet,00010095DB090600.eds,1,149,56073,1.1,0x95,HS-DSI to DeviceNet,This is an EDS file for a PowerFlex 525 via a 25-COMM-D card in single-drive mode,0x6,0x1,25B-E019...,
EDS_PF525_V6\DeviceNet,00010095DC090100.eds,1,149,56329,1.1,0x95,HS-DSI to DeviceNet,This is an EDS file for a PowerFlex 525 via a 25-COMM-D card in single-drive mode,0x1,0x3,25B-E022...,
EDS_PF525_V6\DeviceNet,00010095DC090200.eds,1,149,56329,1.1,0x95,HS-DSI to DeviceNet,This is an EDS file for a PowerFlex 525 via a 25-COMM-D card in single-drive mode,0x2,0x2,25B-E022...,
EDS_PF525_V6\DeviceNet,00010095DC090300.eds,1,149,56329,1.1,0x95,HS-DSI to DeviceNet,This is an EDS file for a PowerFlex 525 via a 25-COMM-D card in single-drive mode,0x3,0x1,25B-E022...,
EDS_PF525_V6\DeviceNet,00010095DC090400.eds,1,149,56329,1.1,0x95,HS-DSI to DeviceNet,This is an EDS file for a PowerFlex 525 via a 25-COMM-D card in single-drive mode,0x4,0x1,25B-E022...,
EDS_PF525_V6\DeviceNet,00010095DC090500.eds,1,149,56329,1.1,0x95,HS-DSI to DeviceNet,This is an EDS file for a PowerFlex 525 via a 25-COMM-D card in single-drive mode,0x5,0x1,25B-E022...,
EDS_PF525_V6\DeviceNet,00010095DC090600.eds,1,149,56329,1.1,0x95,HS-DSI to DeviceNet,This is an EDS file for a PowerFlex 525 via a 25-COMM-D card in single-drive mode,0x6,0x1,25B-E022...,
EDS_PF525_V6\DeviceNet,00010095DD090100.eds,1,149,56585,1.1,0x95,HS-DSI to DeviceNet,This is an EDS file for a PowerFlex 525 via a 25-COMM-D card in single-drive mode,0x1,0x3,25B-E027...,
EDS_PF525_V6\DeviceNet,00010095DD090200.eds,1,149,56585,1.1,0x95,HS-DSI to DeviceNet,This is an EDS file for a PowerFlex 525 via a 25-COMM-D card in single-drive mode,0x2,0x2,25B-E027...,
EDS_PF525_V6\DeviceNet,00010095DD090300.eds,1,149,56585,1.1,0x95,HS-DSI to DeviceNet,This is an EDS file for a PowerFlex 525 via a 25-COMM-D card in single-drive mode,0x3,0x1,25B-E027...,
EDS_PF525_V6\DeviceNet,00010095DD090400.eds,1,149,56585,1.1,0x95,HS-DSI to DeviceNet,This is an EDS file for a PowerFlex 525 via a 25-COMM-D card in single-drive mode,0x4,0x1,25B-E027...,
EDS_PF525_V6\DeviceNet,00010095DD090500.eds,1,149,56585,1.1,0x95,HS-DSI to DeviceNet,This is an EDS file for a PowerFlex 525 via a 25-COMM-D card in single-drive mode,0x5,0x1,25B-E027...,
EDS_PF525_V6\DeviceNet,00010095DD090600.eds,1,149,56585,1.1,0x95,HS-DSI to DeviceNet,This is an EDS file for a PowerFlex 525 via a 25-COMM-D card in single-drive mode,0x6,0x1,25B-E027...,
EDS_PF525_V6\DeviceNet,00010095DE090100.eds,1,149,56841,1.1,0x95,HS-DSI to DeviceNet,This is an EDS file for a PowerFlex 525 via a 25-COMM-D card in single-drive mode,0x1,0x3,25B-E032...,
EDS_PF525_V6\DeviceNet,00010095DE090200.eds,1,149,56841,1.1,0x95,HS-DSI to DeviceNet,This is an EDS file for a PowerFlex 525 via a 25-COMM-D card in single-drive mode,0x2,0x2,25B-E032...,
EDS_PF525_V6\DeviceNet,00010095DE090300.eds,1,149,56841,1.1,0x95,HS-DSI to DeviceNet,This is an EDS file for a PowerFlex 525 via a 25-COMM-D card in single-drive mode,0x3,0x1,25B-E032...,
EDS_PF525_V6\DeviceNet,00010095DE090400.eds,1,149,56841,1.1,0x95,HS-DSI to DeviceNet,This is an EDS file for a PowerFlex 525 via a 25-COMM-D card in single-drive mode,0x4,0x1,25B-E032...,
EDS_PF525_V6\DeviceNet,00010095DE090500.eds,1,149,56841,1.1,0x95,HS-DSI to DeviceNet,This is an EDS file for a PowerFlex 525 via a 25-COMM-D card in single-drive mode,0x5,0x1,25B-E032...,
EDS_PF525_V6\DeviceNet,00010095DE090600.eds,1,149,56841,1.1,0x95,HS-DSI to DeviceNet,This is an EDS file for a PowerFlex 525 via a 25-COMM-D card in single-drive mode,0x6,0x1,25B-E032...,
EDS_PF525_V6\EtherNetIP,0001007F00090100.eds,1,127,9,1.1,0x007F,DSI to EtherNet/IP,PowerFlex 525,1,1,25B...,
EDS_PF525_V6\EtherNetIP,0001007F00090200.eds,1,127,9,1.1,0x007F,DSI to EtherNet/IP,PowerFlex 525,2,1,25B...,
EDS_PF525_V6\EtherNetIP,0001007F00090300.eds,1,127,9,1.1,0x007F,DSI to EtherNet/IP,PowerFlex 525,3,1,25B...,
EDS_PF525_V6\EtherNetIP,0001007F00090400.eds,1,127,9,1.1,0x007F,DSI to EtherNet/IP,PowerFlex 525,4,1,25B...,
EDS_PF525_V6\EtherNetIP,0001007F00090500.eds,1,127,9,1.1,0x007F,DSI to EtherNet/IP,PowerFlex 525,5,1,25B...,
EDS_PF525_V6\EtherNetIP,0001009600090100.eds,1,150,9,1.1,150,PowerFlex 525 Embedded EtherNet/IP,PowerFlex 525 - Single-Drive Mode,1,3,25B...,
EDS_PF525_V6\EtherNetIP,0001009600090200.eds,1,150,9,1.1,150,PowerFlex 525 Embedded EtherNet/IP,PowerFlex 525 - Single-Drive Mode,2,1,25B...,
EDS_PF525_V6\EtherNetIP,0001009600090300.eds,1,150,9,1.1,150,PowerFlex 525 Embedded EtherNet/IP,PowerFlex 525 - Single-Drive Mode,3,1,25B...,
EDS_PF525_V6\EtherNetIP,0001009600090400.eds,1,150,9,1.1,150,PowerFlex 525 Embedded EtherNet/IP,PowerFlex 525 - Single-Drive Mode,4,1,25B...,
EDS_PF525_V6\EtherNetIP,0001009600090500.eds,1,150,9,1.1,150,PowerFlex 525 Embedded EtherNet/IP,PowerFlex 525 - Single-Drive Mode,5,1,25B...,
EDS_PF525_V6\EtherNetIP,0001009600090600.eds,1,150,9,1.1,150,PowerFlex 525 Embedded EtherNet/IP,PowerFlex 525 - Single-Drive Mode,6,1,25B...,
EDS_PF525_V6\EtherNetIP,00010096000B0100.eds,1,150,11,1.1,150,PowerFlex 525 Embedded EtherNet/IP,PowerFlex 525 - Multi-Drive Mode,1,3,25B...,
EDS_PF525_V6\EtherNetIP,00010096000B0200.eds,1,150,11,1.1,150,PowerFlex 525 Embedded EtherNet/IP,PowerFlex 525 - Multi-Drive Mode,2,1,25B...,
EDS_PF525_V6\EtherNetIP,00010096000B0300.eds,1,150,11,1.1,150,PowerFlex 525 Embedded EtherNet/IP,PowerFlex 525 - Multi-Drive Mode,3,1,25B...,
EDS_PF525_V6\EtherNetIP,00010096000B0400.eds,1,150,11,1.1,150,PowerFlex 525 Embedded EtherNet/IP,PowerFlex 525 - Multi-Drive Mode,4,1,25B...,
EDS_PF525_V6\EtherNetIP,00010096000B0500.eds,1,150,11,1.1,150,PowerFlex 525 Embedded EtherNet/IP,PowerFlex 525 - Multi-Drive Mode,5,1,25B...,
EDS_PF525_V6\EtherNetIP,00010096000B0600.eds,1,150,11,1.1,150,PowerFlex 525 Embedded EtherNet/IP,PowerFlex 525 - Multi-Drive Mode,6,1,25B...,
EDS_PF525_V6\EtherNetIP,0001009700090100.eds,1,151,9,1.1,0x0097,HS-DSI to EtherNet/IP,PowerFlex 525,1,3,25B...,
EDS_PF525_V6\EtherNetIP,0001009700090200.eds,1,151,9,1.1,0x0097,HS-DSI to EtherNet/IP,PowerFlex 525,2,1,25B...,
EDS_PF525_V6\EtherNetIP,0001009700090300.eds,1,151,9,1.1,0x0097,HS-DSI to EtherNet/IP,PowerFlex 525,3,1,25B...,
EDS_PF525_V6\EtherNetIP,0001009700090400.eds,1,151,9,1.1,0x0097,HS-DSI to EtherNet/IP,PowerFlex 525,4,1,25B...,
EDS_PF525_V6\EtherNetIP,0001009700090500.eds,1,151,9,1.1,0x0097,HS-DSI to EtherNet/IP,PowerFlex 525,5,1,25B...,
EDS_PF525_V6\EtherNetIP,0001009700090600.eds,1,151,9,1.1,151,HS-DSI to EtherNet/IP,PowerFlex 525,5,1,25B...,
EDS_PF525_V6\Other,0001008400090100.eds,1,132,9,1.1,0x0084,Compact IO/DSI,PowerFlex 525,1,1,25B...,
EDS_PF525_V6\Other,0001008400090200.eds,1,132,9,1.1,0x0084,Compact IO/DSI,PowerFlex 525,2,1,25B...,
EDS_PF525_V6\Other,0001008400090300.eds,1,132,9,1.1,0x0084,Compact IO/DSI,PowerFlex 525,3,1,25B...,
EDS_PF525_V6\Other,0001008400090400.eds,1,132,9,1.1,0x0084,Compact IO/DSI,PowerFlex 525,4,1,25B...,
EDS_PF525_V6\Other,0001008400090500.eds,1,132,9,1.1,0x0084,Compact IO/DSI,PowerFlex 525,5,1,25B...,
PF525 v7 EDS\22commd,0001007E82090700.eds,1,126,33289,1.1,0x7e,DSI to DeviceNet,This is an EDS file for a PowerFlex 525 via a 22-COMM-D card in single-drive mode,0x7,0x1,25B-V2P5...,
PF525 v7 EDS\22commd,0001007E84090700.eds,1,126,33801,1.1,0x7e,DSI to DeviceNet,This is an EDS file for a PowerFlex 525 via a 22-COMM-D card in single-drive mode,0x7,0x1,25B-V4P8...,
PF525 v7 EDS\22commd,0001007E85090700.eds,1,126,34057,1.1,0x7e,DSI to DeviceNet,This is an EDS file for a PowerFlex 525 via a 22-COMM-D card in single-drive mode,0x7,0x1,25B-V6P0...,
PF525 v7 EDS\22commd,0001007E92090700.eds,1,126,37385,1.1,0x7e,DSI to DeviceNet,This is an EDS file for a PowerFlex 525 via a 22-COMM-D card in single-drive mode,0x7,0x1,25B-A2P5...,
PF525 v7 EDS\22commd,0001007E94090700.eds,1,126,37897,1.1,0x7e,DSI to DeviceNet,This is an EDS file for a PowerFlex 525 via a 22-COMM-D card in single-drive mode,0x7,0x1,25B-A4P8...,
PF525 v7 EDS\22commd,0001007E96090700.eds,1,126,38409,1.1,0x7e,DSI to DeviceNet,This is an EDS file for a PowerFlex 525 via a 22-COMM-D card in single-drive mode,0x7,0x1,25B-A8P0...,
PF525 v7 EDS\22commd,0001007E97090700.eds,1,126,38665,1.1,0x7e,DSI to DeviceNet,This is an EDS file for a PowerFlex 525 via a 22-COMM-D card in single-drive mode,0x7,0x1,25B-A011...,
PF525 v7 EDS\22commd,0001007EB2090700.eds,1,126,45577,1.1,0x7e,DSI to DeviceNet,This is an EDS file for a PowerFlex 525 via a 22-COMM-D card in single-drive mode,0x7,0x1,25B-B2P5...,
PF525 v7 EDS\22commd,0001007EB4090700.eds,1,126,46089,1.1,0x7e,DSI to DeviceNet,This is an EDS file for a PowerFlex 525 via a 22-COMM-D card in single-drive mode,0x7,0x1,25B-B5P0...,
PF525 v7 EDS\22commd,0001007EB6090700.eds,1,126,46601,1.1,0x7e,DSI to DeviceNet,This is an EDS file for a PowerFlex 525 via a 22-COMM-D card in single-drive mode,0x7,0x1,25B-B8P0...,
PF525 v7 EDS\22commd,0001007EB7090700.eds,1,126,46857,1.1,0x7e,DSI to DeviceNet,This is an EDS file for a PowerFlex 525 via a 22-COMM-D card in single-drive mode,0x7,0x1,25B-B011...,
PF525 v7 EDS\22commd,0001007EB8090700.eds,1,126,47113,1.1,0x7e,DSI to DeviceNet,This is an EDS file for a PowerFlex 525 via a 22-COMM-D card in single-drive mode,0x7,0x1,25B-B017...,
PF525 v7 EDS\22commd,0001007EB9090700.eds,1,126,47369,1.1,0x7e,DSI to DeviceNet,This is an EDS file for a PowerFlex 525 via a 22-COMM-D card in single-drive mode,0x7,0x1,25B-B024...,
PF525 v7 EDS\22commd,0001007EBA090700.eds,1,126,47625,1.1,0x7e,DSI to DeviceNet,This is an EDS file for a PowerFlex 525 via a 22-COMM-D card in single-drive mode,0x7,0x1,25B-B032...,
PF525 v7 EDS\22commd,0001007EBB090700.eds,1,126,47881,1.1,0x7e,DSI to DeviceNet,This is an EDS file for a PowerFlex 525 via a 22-COMM-D card in single-drive mode,0x7,0x1,25B-B048...,
PF525 v7 EDS\22commd,0001007EBC090700.eds,1,126,48137,1.1,0x7e,DSI to DeviceNet,This is an EDS file for a PowerFlex 525 via a 22-COMM-D card in single-drive mode,0x7,0x1,25B-B062...,
PF525 v7 EDS\22commd,0001007EC2090700.eds,1,126,49673,1.1,0x7e,DSI to DeviceNet,This is an EDS file for a PowerFlex 525 via a 22-COMM-D card in single-drive mode,0x7,0x1,25B-D1P4...,
PF525 v7 EDS\22commd,0001007EC4090700.eds,1,126,50185,1.1,0x7e,DSI to DeviceNet,This is an EDS file for a PowerFlex 525 via a 22-COMM-D card in single-drive mode,0x7,0x1,25B-D2P3...,
PF525 v7 EDS\22commd,0001007EC6090700.eds,1,126,50697,1.1,0x7e,DSI to DeviceNet,This is an EDS file for a PowerFlex 525 via a 22-COMM-D card in single-drive mode,0x7,0x1,25B-D4P0...,
PF525 v7 EDS\22commd,0001007EC7090700.eds,1,126,50953,1.1,0x7e,DSI to DeviceNet,This is an EDS file for a PowerFlex 525 via a 22-COMM-D card in single-drive mode,0x7,0x1,25B-D6P0...,
PF525 v7 EDS\22commd,0001007EC8090700.eds,1,126,51209,1.1,0x7e,DSI to DeviceNet,This is an EDS file for a PowerFlex 525 via a 22-COMM-D card in single-drive mode,0x7,0x1,25B-D010...,
PF525 v7 EDS\22commd,0001007EC9090700.eds,1,126,51465,1.1,0x7e,DSI to DeviceNet,This is an EDS file for a PowerFlex 525 via a 22-COMM-D card in single-drive mode,0x7,0x1,25B-D013...,
PF525 v7 EDS\22commd,0001007ECA090700.eds,1,126,51721,1.1,0x7e,DSI to DeviceNet,This is an EDS file for a PowerFlex 525 via a 22-COMM-D card in single-drive mode,0x7,0x1,25B-D017...,
PF525 v7 EDS\22commd,0001007ECB090700.eds,1,126,51977,1.1,0x7e,DSI to DeviceNet,This is an EDS file for a PowerFlex 525 via a 22-COMM-D card in single-drive mode,0x7,0x1,25B-D024...,
PF525 v7 EDS\22commd,0001007ECC090700.eds,1,126,52233,1.1,0x7e,DSI to DeviceNet,This is an EDS file for a PowerFlex 525 via a 22-COMM-D card in single-drive mode,0x7,0x1,25B-D030...,
PF525 v7 EDS\22commd,0001007ECD090700.eds,1,126,52489,1.1,0x7e,DSI to DeviceNet,This is an EDS file for a PowerFlex 525 via a 22-COMM-D card in single-drive mode,0x7,0x1,25B-D037...,
PF525 v7 EDS\22commd,0001007ECE090700.eds,1,126,52745,1.1,0x7e,DSI to DeviceNet,This is an EDS file for a PowerFlex 525 via a 22-COMM-D card in single-drive mode,0x7,0x1,25B-D043...,
PF525 v7 EDS\22commd,0001007ED2090700.eds,1,126,53769,1.1,0x7e,DSI to DeviceNet,This is an EDS file for a PowerFlex 525 via a 22-COMM-D card in single-drive mode,0x7,0x1,25B-E0P9...,
PF525 v7 EDS\22commd,0001007ED4090700.eds,1,126,54281,1.1,0x7e,DSI to DeviceNet,This is an EDS file for a PowerFlex 525 via a 22-COMM-D card in single-drive mode,0x7,0x1,25B-E1P7...,
PF525 v7 EDS\22commd,0001007ED6090700.eds,1,126,54793,1.1,0x7e,DSI to DeviceNet,This is an EDS file for a PowerFlex 525 via a 22-COMM-D card in single-drive mode,0x7,0x1,25B-E3P0...,
PF525 v7 EDS\22commd,0001007ED7090700.eds,1,126,55049,1.1,0x7e,DSI to DeviceNet,This is an EDS file for a PowerFlex 525 via a 22-COMM-D card in single-drive mode,0x7,0x1,25B-E4P2...,
PF525 v7 EDS\22commd,0001007ED8090700.eds,1,126,55305,1.1,0x7e,DSI to DeviceNet,This is an EDS file for a PowerFlex 525 via a 22-COMM-D card in single-drive mode,0x7,0x1,25B-E6P6...,
PF525 v7 EDS\22commd,0001007ED9090700.eds,1,126,55561,1.1,0x7e,DSI to DeviceNet,This is an EDS file for a PowerFlex 525 via a 22-COMM-D card in single-drive mode,0x7,0x1,25B-E9P9...,
PF525 v7 EDS\22commd,0001007EDA090700.eds,1,126,55817,1.1,0x7e,DSI to DeviceNet,This is an EDS file for a PowerFlex 525 via a 22-COMM-D card in single-drive mode,0x7,0x1,25B-E012...,
PF525 v7 EDS\22commd,0001007EDB090700.eds,1,126,56073,1.1,0x7e,DSI to DeviceNet,This is an EDS file for a PowerFlex 525 via a 22-COMM-D card in single-drive mode,0x7,0x1,25B-E019...,
PF525 v7 EDS\22commd,0001007EDC090700.eds,1,126,56329,1.1,0x7e,DSI to DeviceNet,This is an EDS file for a PowerFlex 525 via a 22-COMM-D card in single-drive mode,0x7,0x1,25B-E022...,
PF525 v7 EDS\22commd,0001007EDD090700.eds,1,126,56585,1.1,0x7e,DSI to DeviceNet,This is an EDS file for a PowerFlex 525 via a 22-COMM-D card in single-drive mode,0x7,0x1,25B-E027...,
PF525 v7 EDS\22commd,0001007EDE090700.eds,1,126,56841,1.1,0x7e,DSI to DeviceNet,This is an EDS file for a PowerFlex 525 via a 22-COMM-D card in single-drive mode,0x7,0x1,25B-E032...,
PF525 v7 EDS\25commd,0001009582090700.eds,1,149,33289,1.1,0x95,HS-DSI to DeviceNet,This is an EDS file for a PowerFlex 525 via a 25-COMM-D card in single-drive mode,0x7,0x1,25B-V2P5...,
PF525 v7 EDS\25commd,0001009584090700.eds,1,149,33801,1.1,0x95,HS-DSI to DeviceNet,This is an EDS file for a PowerFlex 525 via a 25-COMM-D card in single-drive mode,0x7,0x1,25B-V4P8...,
PF525 v7 EDS\25commd,0001009585090700.eds,1,149,34057,1.1,0x95,HS-DSI to DeviceNet,This is an EDS file for a PowerFlex 525 via a 25-COMM-D card in single-drive mode,0x7,0x1,25B-V6P0...,
PF525 v7 EDS\25commd,0001009592090700.eds,1,149,37385,1.1,0x95,HS-DSI to DeviceNet,This is an EDS file for a PowerFlex 525 via a 25-COMM-D card in single-drive mode,0x7,0x1,25B-A2P5...,
PF525 v7 EDS\25commd,0001009594090700.eds,1,149,37897,1.1,0x95,HS-DSI to DeviceNet,This is an EDS file for a PowerFlex 525 via a 25-COMM-D card in single-drive mode,0x7,0x1,25B-A4P8...,
PF525 v7 EDS\25commd,0001009596090700.eds,1,149,38409,1.1,0x95,HS-DSI to DeviceNet,This is an EDS file for a PowerFlex 525 via a 25-COMM-D card in single-drive mode,0x7,0x1,25B-A8P0...,
PF525 v7 EDS\25commd,0001009597090700.eds,1,149,38665,1.1,0x95,HS-DSI to DeviceNet,This is an EDS file for a PowerFlex 525 via a 25-COMM-D card in single-drive mode,0x7,0x1,25B-A011...,
PF525 v7 EDS\25commd,00010095B2090700.eds,1,149,45577,1.1,0x95,HS-DSI to DeviceNet,This is an EDS file for a PowerFlex 525 via a 25-COMM-D card in single-drive mode,0x7,0x1,25B-B2P5...,
PF525 v7 EDS\25commd,00010095B4090700.eds,1,149,46089,1.1,0x95,HS-DSI to DeviceNet,This is an EDS file for a PowerFlex 525 via a 25-COMM-D card in single-drive mode,0x7,0x1,25B-B5P0...,
PF525 v7 EDS\25commd,00010095B6090700.eds,1,149,46601,1.1,0x95,HS-DSI to DeviceNet,This is an EDS file for a PowerFlex 525 via a 25-COMM-D card in single-drive mode,0x7,0x1,25B-B8P0...,
PF525 v7 EDS\25commd,00010095B7090700.eds,1,149,46857,1.1,0x95,HS-DSI to DeviceNet,This is an EDS file for a PowerFlex 525 via a 25-COMM-D card in single-drive mode,0x7,0x1,25B-B011...,
PF525 v7 EDS\25commd,00010095B8090700.eds,1,149,47113,1.1,0x95,HS-DSI to DeviceNet,This is an EDS file for a PowerFlex 525 via a 25-COMM-D card in single-drive mode,0x7,0x1,25B-B017...,
PF525 v7 EDS\25commd,00010095B9090700.eds,1,149,47369,1.1,0x95,HS-DSI to DeviceNet,This is an EDS file for a PowerFlex 525 via a 25-COMM-D card in single-drive mode,0x7,0x1,25B-B024...,
PF525 v7 EDS\25commd,00010095BA090700.eds,1,149,47625,1.1,0x95,HS-DSI to DeviceNet,This is an EDS file for a PowerFlex 525 via a 25-COMM-D card in single-drive mode,0x7,0x1,25B-B032...,
PF525 v7 EDS\25commd,00010095BB090700.eds,1,149,47881,1.1,0x95,HS-DSI to DeviceNet,This is an EDS file for a PowerFlex 525 via a 25-COMM-D card in single-drive mode,0x7,0x1,25B-B048...,
PF525 v7 EDS\25commd,00010095BC090700.eds,1,149,48137,1.1,0x95,HS-DSI to DeviceNet,This is an EDS file for a PowerFlex 525 via a 25-COMM-D card in single-drive mode,0x7,0x1,25B-B062...,
PF525 v7 EDS\25commd,00010095C2090700.eds,1,149,49673,1.1,0x95,HS-DSI to DeviceNet,This is an EDS file for a PowerFlex 525 via a 25-COMM-D card in single-drive mode,0x7,0x1,25B-D1P4...,
PF525 v7 EDS\25commd,00010095C4090700.eds,1,149,50185,1.1,0x95,HS-DSI to DeviceNet,This is an EDS file for a PowerFlex 525 via a 25-COMM-D card in single-drive mode,0x7,0x1,25B-D2P3...,
PF525 v7 EDS\25commd,00010095C6090700.eds,1,149,50697,1.1,0x95,HS-DSI to DeviceNet,This is an EDS file for a PowerFlex 525 via a 25-COMM-D card in single-drive mode,0x7,0x1,25B-D4P0...,
PF525 v7 EDS\25commd,00010095C7090700.eds,1,149,50953,1.1,0x95,HS-DSI to DeviceNet,This is an EDS file for a PowerFlex 525 via a 25-COMM-D card in single-drive mode,0x7,0x1,25B-D6P0...,
PF525 v7 EDS\25commd,00010095C8090700.eds,1,149,51209,1.1,0x95,HS-DSI to DeviceNet,This is an EDS file for a PowerFlex 525 via a 25-COMM-D card in single-drive mode,0x7,0x1,25B-D010...,
PF525 v7 EDS\25commd,00010095C9090700.eds,1,149,51465,1.1,0x95,HS-DSI to DeviceNet,This is an EDS file for a PowerFlex 525 via a 25-COMM-D card in single-drive mode,0x7,0x1,25B-D013...,
PF525 v7 EDS\25commd,00010095CA090700.eds,1,149,51721,1.1,0x95,HS-DSI to DeviceNet,This is an EDS file for a PowerFlex 525 via a 25-COMM-D card in single-drive mode,0x7,0x1,25B-D017...,
PF525 v7 EDS\25commd,00010095CB090700.eds,1,149,51977,1.1,0x95,HS-DSI to DeviceNet,This is an EDS file for a PowerFlex 525 via a 25-COMM-D card in single-drive mode,0x7,0x1,25B-D024...,
PF525 v7 EDS\25commd,00010095CC090700.eds,1,149,52233,1.1,0x95,HS-DSI to DeviceNet,This is an EDS file for a PowerFlex 525 via a 25-COMM-D card in single-drive mode,0x7,0x1,25B-D030...,
PF525 v7 EDS\25commd,00010095CD090700.eds,1,149,52489,1.1,0x95,HS-DSI to DeviceNet,This is an EDS file for a PowerFlex 525 via a 25-COMM-D card in single-drive mode,0x7,0x1,25B-D037...,
PF525 v7 EDS\25commd,00010095CE090700.eds,1,149,52745,1.1,0x95,HS-DSI to DeviceNet,This is an EDS file for a PowerFlex 525 via a 25-COMM-D card in single-drive mode,0x7,0x1,25B-D043...,
PF525 v7 EDS\25commd,00010095D2090700.eds,1,149,53769,1.1,0x95,HS-DSI to DeviceNet,This is an EDS file for a PowerFlex 525 via a 25-COMM-D card in single-drive mode,0x7,0x1,25B-E0P9...,
PF525 v7 EDS\25commd,00010095D4090700.eds,1,149,54281,1.1,0x95,HS-DSI to DeviceNet,This is an EDS file for a PowerFlex 525 via a 25-COMM-D card in single-drive mode,0x7,0x1,25B-E1P7...,
PF525 v7 EDS\25commd,00010095D6090700.eds,1,149,54793,1.1,0x95,HS-DSI to DeviceNet,This is an EDS file for a PowerFlex 525 via a 25-COMM-D card in single-drive mode,0x7,0x1,25B-E3P0...,
PF525 v7 EDS\25commd,00010095D7090700.eds,1,149,55049,1.1,0x95,HS-DSI to DeviceNet,This is an EDS file for a PowerFlex 525 via a 25-COMM-D card in single-drive mode,0x7,0x1,25B-E4P2...,
PF525 v7 EDS\25commd,00010095D8090700.eds,1,149,55305,1.1,0x95,HS-DSI to DeviceNet,This is an EDS file for a PowerFlex 525 via a 25-COMM-D card in single-drive mode,0x7,0x1,25B-E6P6...,
PF525 v7 EDS\25commd,00010095D9090700.eds,1,149,55561,1.1,0x95,HS-DSI to DeviceNet,This is an EDS file for a PowerFlex 525 via a 25-COMM-D card in single-drive mode,0x7,0x1,25B-E9P9...,
PF525 v7 EDS\25commd,00010095DA090700.eds,1,149,55817,1.1,0x95,HS-DSI to DeviceNet,This is an EDS file for a PowerFlex 525 via a 25-COMM-D card in single-drive mode,0x7,0x1,25B-E012...,
PF525 v7 EDS\25commd,00010095DB090700.eds,1,149,56073,1.1,0x95,HS-DSI to DeviceNet,This is an EDS file for a PowerFlex 525 via a 25-COMM-D card in single-drive mode,0x7,0x1,25B-E019...,
PF525 v7 EDS\25commd,00010095DC090700.eds,1,149,56329,1.1,0x95,HS-DSI to DeviceNet,This is an EDS file for a PowerFlex 525 via a 25-COMM-D card in single-drive mode,0x7,0x1,25B-E022...,
PF525 v7 EDS\25commd,00010095DD090700.eds,1,149,56585,1.1,0x95,HS-DSI to DeviceNet,This is an EDS file for a PowerFlex 525 via a 25-COMM-D card in single-drive mode,0x7,0x1,25B-E027...,
PF525 v7 EDS\25commd,00010095DE090700.eds,1,149,56841,1.1,0x95,HS-DSI to DeviceNet,This is an EDS file for a PowerFlex 525 via a 25-COMM-D card in single-drive mode,0x7,0x1,25B-E032...,
PF525 v7 EDS\25comme2p,0001009700090700.eds,1,151,9,1.1,151,HS-DSI to EtherNet/IP,PowerFlex 525,7,1,25B...,
PF525 v7 EDS\controlNet,0001008400090700.eds,1,132,9,1.1,132,Compact IO/DSI,PowerFlex 525,7,1,25B...,
PF525 v7 EDS\controlNet,0001008800090700.eds,1,136,9,1.1,136,DSI to ControlNet,PowerFlex 525,7,1,25B...,
PF525 v7 EDS\embedded_enet,0001009600090700.eds,1,150,9,1.1,150,PowerFlex 525 Embedded EtherNet/IP,PowerFlex 525 - Single-Drive Mode,7,1,25B...,
PF525 v7 EDS\embedded_enet,00010096000B0700.eds,1,150,11,1.1,150,PowerFlex 525 Embedded EtherNet/IP,PowerFlex 525 - Multi-Drive Mode,7,1,25B...,
PF525 v7 EDS\v6 fixes,0001007F00090600.eds,1,127,9,2.1,0x007F,DSI to EtherNet/IP,PowerFlex 525,6,1,25B...,
PF525 v7 EDS\v6 fixes,0001009700090600.eds,1,151,9,2.1,151,HS-DSI to EtherNet/IP,PowerFlex 525,7,1,25B...,
EtherNetIP,000100796C3C0200.eds,1,121,27708,2.5,0x0079,DPI to DeviceNet,This is an EDS file for: PowerFlex 700AFE 400V 1300A,2,1,20YC1K3,
DeviceNet,000100795C3C0100.eds,1,121,23612,10.21,0x0079,DPI to DeviceNet,This is an EDS file created by Rockwell Software's EDS Installation Wizard.,1,1,20YC460,
DeviceNet,000100795C3C0200.eds,1,121,23612,2.5,0x0079,DPI to DeviceNet,This is an EDS file for: PowerFlex 700AFE 400V  460A,2,1,20YC460,
DeviceNet,00010079343C0100.eds,1,121,13372,10.21,0x0079,DPI to DeviceNet,This is an EDS file created by Rockwell Software's EDS Installation Wizard.,1,1,20YC4P3,
EtherNetIP,00010079BE3C0200.eds,1,121,48700,2.5,0x0079,DPI to DeviceNet,This is an EDS file for: PowerFlex 700AFE 600V 1030A,2,1,20YE1K0,
DeviceNet,00010079A83C0100.eds,1,121,43068,10.21,0x0079,DPI to DeviceNet,This is an EDS file created by Rockwell Software's EDS Installation Wizard.,1,1,20YE325,
DeviceNet,00010079A83C0200.eds,1,121,43068,2.5,0x0079,DPI to DeviceNet,This is an EDS file for: PowerFlex 700AFE 600V  325A,2,1,20YE325,
EtherNetIP,0001007F00080100.eds,0001,127,8,1.1,127,DSI to EtherNet/IP,PowerFlex 523,1,1,25A...
EtherNetIP,0001007F00080200.eds,0001,127,8,1.1,127,DSI to EtherNet/IP,PowerFlex 523,2,1,25A...
EtherNetIP,0001007F00080300.eds,0001,127,8,1.1,127,DSI to EtherNet/IP,PowerFlex 523,3,1,25A...
EtherNetIP,0001009700080100.eds,0001,151,8,1.1,151,HS-DSI to EtherNet/IP,PowerFlex 523,1,1,25A...
EtherNetIP,0001009700080200.eds,0001,151,8,1.1,151,HS-DSI to EtherNet/IP,PowerFlex 523,2,1,25A...
EtherNetIP,0001009700080300.eds,0001,151,8,1.1,151,HS-DSI to EtherNet/IP,PowerFlex 523,3,1,25A...
DeviceNet,0001007E81080200.eds,0001,126,33032,2.1,126,DSI to DeviceNet,This is an EDS file for a PowerFlex 523 via a 22-COMM-D card in single-drive mode,2,0x1,25A-V1P5...
DeviceNet,0001007E81080300.eds,0001,126,33032,1.1,126,DSI to DeviceNet,This is an EDS file for a PowerFlex 523 via a 22-COMM-D card in single-drive mode,3,0x1,25A-V1P5...
DeviceNet,0001009581080100.eds,0001,149,33032,2.1,149,HS-DSI to DeviceNet,This is an EDS file for a PowerFlex 523 via a 25-COMM-D card in single-drive mode,1,0x1,25A-V1P5...
DeviceNet,0001009581080200.eds,0001,149,33032,2.1,149,HS-DSI to DeviceNet,This is an EDS file for a PowerFlex 523 via a 25-COMM-D card in single-drive mode,2,0x1,25A-V1P5...
DeviceNet,0001009581080300.eds,0001,149,33032,1.1,149,HS-DSI to DeviceNet,This is an EDS file for a PowerFlex 523 via a 25-COMM-D card in single-drive mode,3,0x1,25A-V1P5...
DeviceNet,0001007E82080200.eds,0001,126,33288,2.1,126,DSI to DeviceNet,This is an EDS file for a PowerFlex 523 via a 22-COMM-D card in single-drive mode,2,0x1,25A-V2P5...
DeviceNet,0001007E82080300.eds,0001,126,33288,1.1,126,DSI to DeviceNet,This is an EDS file for a PowerFlex 523 via a 22-COMM-D card in single-drive mode,3,0x1,25A-V2P5...
DeviceNet,0001009582080100.eds,0001,149,33288,2.1,149,HS-DSI to DeviceNet,This is an EDS file for a PowerFlex 523 via a 25-COMM-D card in single-drive mode,1,0x1,25A-V2P5...
DeviceNet,0001009582080200.eds,0001,149,33288,2.1,149,HS-DSI to DeviceNet,This is an EDS file for a PowerFlex 523 via a 25-COMM-D card in single-drive mode,2,0x1,25A-V2P5...
DeviceNet,0001009582080300.eds,0001,149,33288,1.1,149,HS-DSI to DeviceNet,This is an EDS file for a PowerFlex 523 via a 25-COMM-D card in single-drive mode,3,0x1,25A-V2P5...
DeviceNet,0001007E84080200.eds,0001,126,33800,2.1,126,DSI to DeviceNet,This is an EDS file for a PowerFlex 523 via a 22-COMM-D card in single-drive mode,2,0x1,25A-V4P8...
DeviceNet,0001007E84080300.eds,0001,126,33800,1.1,126,DSI to DeviceNet,This is an EDS file for a PowerFlex 523 via a 22-COMM-D card in single-drive mode,3,0x1,25A-V4P8...
DeviceNet,0001009584080100.eds,0001,149,33800,2.1,149,HS-DSI to DeviceNet,This is an EDS file for a PowerFlex 523 via a 25-COMM-D card in single-drive mode,1,0x1,25A-V4P8...
DeviceNet,0001009584080200.eds,0001,149,33800,2.1,149,HS-DSI to DeviceNet,This is an EDS file for a PowerFlex 523 via a 25-COMM-D card in single-drive mode,2,0x1,25A-V4P8...
DeviceNet,0001009584080300.eds,0001,149,33800,1.1,149,HS-DSI to DeviceNet,This is an EDS file for a PowerFlex 523 via a 25-COMM-D card in single-drive mode,3,0x1,25A-V4P8...
DeviceNet,0001007E85080200.eds,0001,126,34056,2.1,126,DSI to DeviceNet,This is an EDS file for a PowerFlex 523 via a 22-COMM-D card in single-drive mode,2,0x1,25A-V6P0...
DeviceNet,0001007E85080300.eds,0001,126,34056,1.1,126,DSI to DeviceNet,This is an EDS file for a PowerFlex 523 via a 22-COMM-D card in single-drive mode,3,0x1,25A-V6P0...
DeviceNet,0001009585080100.eds,0001,149,34056,2.1,149,HS-DSI to DeviceNet,This is an EDS file for a PowerFlex 523 via a 25-COMM-D card in single-drive mode,1,0x1,25A-V6P0...
DeviceNet,0001009585080200.eds,0001,149,34056,2.1,149,HS-DSI to DeviceNet,This is an EDS file for a PowerFlex 523 via a 25-COMM-D card in single-drive mode,2,0x1,25A-V6P0...
DeviceNet,0001009585080300.eds,0001,149,34056,1.1,149,HS-DSI to DeviceNet,This is an EDS file for a PowerFlex 523 via a 25-COMM-D card in single-drive mode,3,0x1,25A-V6P0...
DeviceNet,0001007E91080200.eds,0001,126,37128,2.1,126,DSI to DeviceNet,This is an EDS file for a PowerFlex 523 via a 22-COMM-D card in single-drive mode,2,0x1,25A-A1P5...
DeviceNet,0001007E91080300.eds,0001,126,37128,1.1,126,DSI to DeviceNet,This is an EDS file for a PowerFlex 523 via a 22-COMM-D card in single-drive mode,3,0x1,25A-A1P5...
DeviceNet,0001009591080100.eds,0001,149,37128,1.1,149,HS-DSI to DeviceNet,This is an EDS file for a PowerFlex 523 via a 25-COMM-D card in single-drive mode,1,0x1,25A-A1P5...
DeviceNet,0001009591080200.eds,0001,149,37128,2.1,149,HS-DSI to DeviceNet,This is an EDS file for a PowerFlex 523 via a 25-COMM-D card in single-drive mode,2,0x1,25A-A1P5...
DeviceNet,0001009591080300.eds,0001,149,37128,1.1,149,HS-DSI to DeviceNet,This is an EDS file for a PowerFlex 523 via a 25-COMM-D card in single-drive mode,3,0x1,25A-A1P5...
DeviceNet,00010095A1080100.eds,0001,149,41224,1.1,149,HS-DSI to DeviceNet,This is an EDS file for a PowerFlex 523 via a 25-COMM-D card in single-drive mode,1,0x1,25A-A1P5...
DeviceNet,0001007E92080200.eds,0001,126,37384,2.1,126,DSI to DeviceNet,This is an EDS file for a PowerFlex 523 via a 22-COMM-D card in single-drive mode,2,0x1,25A-A2P5...
DeviceNet,0001007E92080300.eds,0001,126,37384,1.1,126,DSI to DeviceNet,This is an EDS file for a PowerFlex 523 via a 22-COMM-D card in single-drive mode,3,0x1,25A-A2P5...
DeviceNet,0001009592080100.eds,0001,149,37384,1.1,149,HS-DSI to DeviceNet,This is an EDS file for a PowerFlex 523 via a 25-COMM-D card in single-drive mode,1,0x1,25A-A2P5...
DeviceNet,0001009592080200.eds,0001,149,37384,2.1,149,HS-DSI to DeviceNet,This is an EDS file for a PowerFlex 523 via a 25-COMM-D card in single-drive mode,2,0x1,25A-A2P5...
DeviceNet,0001009592080300.eds,0001,149,37384,1.1,149,HS-DSI to DeviceNet,This is an EDS file for a PowerFlex 523 via a 25-COMM-D card in single-drive mode,3,0x1,25A-A2P5...
DeviceNet,00010095A2080100.eds,0001,149,41480,1.1,149,HS-DSI to DeviceNet,This is an EDS file for a PowerFlex 523 via a 25-COMM-D card in single-drive mode,1,0x1,25A-A2P5...
DeviceNet,0001007E94080200.eds,0001,126,37896,2.1,126,DSI to DeviceNet,This is an EDS file for a PowerFlex 523 via a 22-COMM-D card in single-drive mode,2,0x1,25A-A4P8...
DeviceNet,0001007E94080300.eds,0001,126,37896,1.1,126,DSI to DeviceNet,This is an EDS file for a PowerFlex 523 via a 22-COMM-D card in single-drive mode,3,0x1,25A-A4P8...
DeviceNet,0001009594080100.eds,0001,149,37896,1.1,149,HS-DSI to DeviceNet,This is an EDS file for a PowerFlex 523 via a 25-COMM-D card in single-drive mode,1,0x1,25A-A4P8...
DeviceNet,0001009594080200.eds,0001,149,37896,2.1,149,HS-DSI to DeviceNet,This is an EDS file for a PowerFlex 523 via a 25-COMM-D card in single-drive mode,2,0x1,25A-A4P8...
DeviceNet,0001009594080300.eds,0001,149,37896,1.1,149,HS-DSI to DeviceNet,This is an EDS file for a PowerFlex 523 via a 25-COMM-D card in single-drive mode,3,0x1,25A-A4P8...
DeviceNet,00010095A4080100.eds,0001,149,41992,1.1,149,HS-DSI to DeviceNet,This is an EDS file for a PowerFlex 523 via a 25-COMM-D card in single-drive mode,1,0x1,25A-A4P8...
DeviceNet,0001007E96080200.eds,0001,126,38408,2.1,126,DSI to DeviceNet,This is an EDS file for a PowerFlex 523 via a 22-COMM-D card in single-drive mode,2,0x1,25A-A8P0...
DeviceNet,0001007E96080300.eds,0001,126,38408,1.1,126,DSI to DeviceNet,This is an EDS file for a PowerFlex 523 via a 22-COMM-D card in single-drive mode,3,0x1,25A-A8P0...
DeviceNet,0001009596080100.eds,0001,149,38408,1.1,149,HS-DSI to DeviceNet,This is an EDS file for a PowerFlex 523 via a 25-COMM-D card in single-drive mode,1,0x1,25A-A8P0...
DeviceNet,0001009596080200.eds,0001,149,38408,2.1,149,HS-DSI to DeviceNet,This is an EDS file for a PowerFlex 523 via a 25-COMM-D card in single-drive mode,2,0x1,25A-A8P0...
DeviceNet,0001009596080300.eds,0001,149,38408,1.1,149,HS-DSI to DeviceNet,This is an EDS file for a PowerFlex 523 via a 25-COMM-D card in single-drive mode,3,0x1,25A-A8P0...
DeviceNet,00010095A6080100.eds,0001,149,42504,1.1,149,HS-DSI to DeviceNet,This is an EDS file for a PowerFlex 523 via a 25-COMM-D card in single-drive mode,1,0x1,25A-A8P0...
DeviceNet,0001007E97080200.eds,0001,126,38664,2.1,126,DSI to DeviceNet,This is an EDS file for a PowerFlex 523 via a 22-COMM-D card in single-drive mode,2,0x1,25A-A011...
DeviceNet,0001007E97080300.eds,0001,126,38664,1.1,126,DSI to DeviceNet,This is an EDS file for a PowerFlex 523 via a 22-COMM-D card in single-drive mode,3,0x1,25A-A011...
DeviceNet,0001009597080100.eds,0001,149,38664,1.1,149,HS-DSI to DeviceNet,This is an EDS file for a PowerFlex 523 via a 25-COMM-D card in single-drive mode,1,0x1,25A-A011...
DeviceNet,0001009597080200.eds,0001,149,38664,2.1,149,HS-DSI to DeviceNet,This is an EDS file for a PowerFlex 523 via a 25-COMM-D card in single-drive mode,2,0x1,25A-A011...
DeviceNet,0001009597080300.eds,0001,149,38664,1.1,149,HS-DSI to DeviceNet,This is an EDS file for a PowerFlex 523 via a 25-COMM-D card in single-drive mode,3,0x1,25A-A011...
DeviceNet,00010095A7080100.eds,0001,149,42760,1.1,149,HS-DSI to DeviceNet,This is an EDS file for a PowerFlex 523 via a 25-COMM-D card in single-drive mode,1,0x1,25A-A011...
DeviceNet,0001007EB1080200.eds,0001,126,45320,2.1,126,DSI to DeviceNet,This is an EDS file for a PowerFlex 523 via a 22-COMM-D card in single-drive mode,2,0x1,25A-B1P5...
DeviceNet,0001007EB1080300.eds,0001,126,45320,1.1,126,DSI to DeviceNet,This is an EDS file for a PowerFlex 523 via a 22-COMM-D card in single-drive mode,3,0x1,25A-B1P5...
DeviceNet,00010095B1080100.eds,0001,149,45320,1.1,149,HS-DSI to DeviceNet,This is an EDS file for a PowerFlex 523 via a 25-COMM-D card in single-drive mode,1,0x1,25A-B1P5...
DeviceNet,00010095B1080200.eds,0001,149,45320,2.1,149,HS-DSI to DeviceNet,This is an EDS file for a PowerFlex 523 via a 25-COMM-D card in single-drive mode,2,0x1,25A-B1P5...
DeviceNet,00010095B1080300.eds,0001,149,45320,1.1,149,HS-DSI to DeviceNet,This is an EDS file for a PowerFlex 523 via a 25-COMM-D card in single-drive mode,3,0x1,25A-B1P5...
DeviceNet,0001007EB2080200.eds,0001,126,45576,2.1,126,DSI to DeviceNet,This is an EDS file for a PowerFlex 523 via a 22-COMM-D card in single-drive mode,2,0x1,25A-B2P5...
DeviceNet,0001007EB2080300.eds,0001,126,45576,1.1,126,DSI to DeviceNet,This is an EDS file for a PowerFlex 523 via a 22-COMM-D card in single-drive mode,3,0x1,25A-B2P5...
DeviceNet,00010095B2080100.eds,0001,149,45576,1.1,149,HS-DSI to DeviceNet,This is an EDS file for a PowerFlex 523 via a 25-COMM-D card in single-drive mode,1,0x1,25A-B2P5...
DeviceNet,00010095B2080200.eds,0001,149,45576,2.1,149,HS-DSI to DeviceNet,This is an EDS file for a PowerFlex 523 via a 25-COMM-D card in single-drive mode,2,0x1,25A-B2P5...
DeviceNet,00010095B2080300.eds,0001,149,45576,1.1,149,HS-DSI to DeviceNet,This is an EDS file for a PowerFlex 523 via a 25-COMM-D card in single-drive mode,3,0x1,25A-B2P5...
DeviceNet,0001007EB4080200.eds,0001,126,46088,2.1,126,DSI to DeviceNet,This is an EDS file for a PowerFlex 523 via a 22-COMM-D card in single-drive mode,2,0x1,25A-B5P0...
DeviceNet,0001007EB4080300.eds,0001,126,46088,1.1,126,DSI to DeviceNet,This is an EDS file for a PowerFlex 523 via a 22-COMM-D card in single-drive mode,3,0x1,25A-B5P0...
DeviceNet,00010095B4080100.eds,0001,149,46088,1.1,149,HS-DSI to DeviceNet,This is an EDS file for a PowerFlex 523 via a 25-COMM-D card in single-drive mode,1,0x1,25A-B5P0...
DeviceNet,00010095B4080200.eds,0001,149,46088,2.1,149,HS-DSI to DeviceNet,This is an EDS file for a PowerFlex 523 via a 25-COMM-D card in single-drive mode,2,0x1,25A-B5P0...
DeviceNet,00010095B4080300.eds,0001,149,46088,1.1,149,HS-DSI to DeviceNet,This is an EDS file for a PowerFlex 523 via a 25-COMM-D card in single-drive mode,3,0x1,25A-B5P0...
DeviceNet,0001007EB6080200.eds,0001,126,46600,2.1,126,DSI to DeviceNet,This is an EDS file for a PowerFlex 523 via a 22-COMM-D card in single-drive mode,2,0x1,25A-B8P0...
DeviceNet,0001007EB6080300.eds,0001,126,46600,1.1,126,DSI to DeviceNet,This is an EDS file for a PowerFlex 523 via a 22-COMM-D card in single-drive mode,3,0x1,25A-B8P0...
DeviceNet,00010095B6080100.eds,0001,149,46600,1.1,149,HS-DSI to DeviceNet,This is an EDS file for a PowerFlex 523 via a 25-COMM-D card in single-drive mode,1,0x1,25A-B8P0...
DeviceNet,00010095B6080200.eds,0001,149,46600,2.1,149,HS-DSI to DeviceNet,This is an EDS file for a PowerFlex 523 via a 25-COMM-D card in single-drive mode,2,0x1,25A-B8P0...
DeviceNet,00010095B6080300.eds,0001,149,46600,1.1,149,HS-DSI to DeviceNet,This is an EDS file for a PowerFlex 523 via a 25-COMM-D card in single-drive mode,3,0x1,25A-B8P0...
DeviceNet,0001007EB7080200.eds,0001,126,46856,2.1,126,DSI to DeviceNet,This is an EDS file for a PowerFlex 523 via a 22-COMM-D card in single-drive mode,2,0x1,25A-B011...
DeviceNet,0001007EB7080300.eds,0001,126,46856,1.1,126,DSI to DeviceNet,This is an EDS file for a PowerFlex 523 via a 22-COMM-D card in single-drive mode,3,0x1,25A-B011...
DeviceNet,00010095B7080100.eds,0001,149,46856,1.1,149,HS-DSI to DeviceNet,This is an EDS file for a PowerFlex 523 via a 25-COMM-D card in single-drive mode,1,0x1,25A-B011...
DeviceNet,00010095B7080200.eds,0001,149,46856,2.1,149,HS-DSI to DeviceNet,This is an EDS file for a PowerFlex 523 via a 25-COMM-D card in single-drive mode,2,0x1,25A-B011...
DeviceNet,00010095B7080300.eds,0001,149,46856,1.1,149,HS-DSI to DeviceNet,This is an EDS file for a PowerFlex 523 via a 25-COMM-D card in single-drive mode,3,0x1,25A-B011...
DeviceNet,0001007EB8080200.eds,0001,126,47112,2.1,126,DSI to DeviceNet,This is an EDS file for a PowerFlex 523 via a 22-COMM-D card in single-drive mode,2,0x1,25A-B017...
DeviceNet,0001007EB8080300.eds,0001,126,47112,1.1,126,DSI to DeviceNet,This is an EDS file for a PowerFlex 523 via a 22-COMM-D card in single-drive mode,3,0x1,25A-B017...
DeviceNet,00010095B8080100.eds,0001,149,47112,1.1,149,HS-DSI to DeviceNet,This is an EDS file for a PowerFlex 523 via a 25-COMM-D card in single-drive mode,1,0x1,25A-B017...
DeviceNet,00010095B8080200.eds,0001,149,47112,2.1,149,HS-DSI to DeviceNet,This is an EDS file for a PowerFlex 523 via a 25-COMM-D card in single-drive mode,2,0x1,25A-B017...
DeviceNet,00010095B8080300.eds,0001,149,47112,1.1,149,HS-DSI to DeviceNet,This is an EDS file for a PowerFlex 523 via a 25-COMM-D card in single-drive mode,3,0x1,25A-B017...
DeviceNet,0001007EB9080200.eds,0001,126,47368,2.1,126,DSI to DeviceNet,This is an EDS file for a PowerFlex 523 via a 22-COMM-D card in single-drive mode,2,0x1,25A-B024...
DeviceNet,0001007EB9080300.eds,0001,126,47368,1.1,126,DSI to DeviceNet,This is an EDS file for a PowerFlex 523 via a 22-COMM-D card in single-drive mode,3,0x1,25A-B024...
DeviceNet,00010095B9080100.eds,0001,149,47368,1.1,149,HS-DSI to DeviceNet,This is an EDS file for a PowerFlex 523 via a 25-COMM-D card in single-drive mode,1,0x1,25A-B024...
DeviceNet,00010095B9080200.eds,0001,149,47368,2.1,149,HS-DSI to DeviceNet,This is an EDS file for a PowerFlex 523 via a 25-COMM-D card in single-drive mode,2,0x1,25A-B024...
DeviceNet,00010095B9080300.eds,0001,149,47368,1.1,149,HS-DSI to DeviceNet,This is an EDS file for a PowerFlex 523 via a 25-COMM-D card in single-drive mode,3,0x1,25A-B024...
DeviceNet,0001007EBA080200.eds,0001,126,47624,2.1,126,DSI to DeviceNet,This is an EDS file for a PowerFlex 523 via a 22-COMM-D card in single-drive mode,2,0x1,25A-B032...
DeviceNet,0001007EBA080300.eds,0001,126,47624,1.1,126,DSI to DeviceNet,This is an EDS file for a PowerFlex 523 via a 22-COMM-D card in single-drive mode,3,0x1,25A-B032...
DeviceNet,00010095BA080100.eds,0001,149,47624,1.1,149,HS-DSI to DeviceNet,This is an EDS file for a PowerFlex 523 via a 25-COMM-D card in single-drive mode,1,0x1,25A-B032...
DeviceNet,00010095BA080200.eds,0001,149,47624,2.1,149,HS-DSI to DeviceNet,This is an EDS file for a PowerFlex 523 via a 25-COMM-D card in single-drive mode,2,0x1,25A-B032...
DeviceNet,00010095BA080300.eds,0001,149,47624,1.1,149,HS-DSI to DeviceNet,This is an EDS file for a PowerFlex 523 via a 25-COMM-D card in single-drive mode,3,0x1,25A-B032...
DeviceNet,0001007EBB080200.eds,0001,126,47880,2.1,126,DSI to DeviceNet,This is an EDS file for a PowerFlex 523 via a 22-COMM-D card in single-drive mode,2,0x1,25A-B048...
DeviceNet,0001007EBB080300.eds,0001,126,47880,1.1,126,DSI to DeviceNet,This is an EDS file for a PowerFlex 523 via a 22-COMM-D card in single-drive mode,3,0x1,25A-B048...
DeviceNet,00010095BB080100.eds,0001,149,47880,1.1,149,HS-DSI to DeviceNet,This is an EDS file for a PowerFlex 523 via a 25-COMM-D card in single-drive mode,1,0x1,25A-B048...
DeviceNet,00010095BB080200.eds,0001,149,47880,2.1,149,HS-DSI to DeviceNet,This is an EDS file for a PowerFlex 523 via a 25-COMM-D card in single-drive mode,2,0x1,25A-B048...
DeviceNet,00010095BB080300.eds,0001,149,47880,1.1,149,HS-DSI to DeviceNet,This is an EDS file for a PowerFlex 523 via a 25-COMM-D card in single-drive mode,3,0x1,25A-B048...
DeviceNet,0001007EBC080200.eds,0001,126,48136,2.1,126,DSI to DeviceNet,This is an EDS file for a PowerFlex 523 via a 22-COMM-D card in single-drive mode,2,0x1,25A-B062...
DeviceNet,0001007EBC080300.eds,0001,126,48136,1.1,126,DSI to DeviceNet,This is an EDS file for a PowerFlex 523 via a 22-COMM-D card in single-drive mode,3,0x1,25A-B062...
DeviceNet,00010095BC080100.eds,0001,149,48136,1.1,149,HS-DSI to DeviceNet,This is an EDS file for a PowerFlex 523 via a 25-COMM-D card in single-drive mode,1,0x1,25A-B062...
DeviceNet,00010095BC080200.eds,0001,149,48136,2.1,149,HS-DSI to DeviceNet,This is an EDS file for a PowerFlex 523 via a 25-COMM-D card in single-drive mode,2,0x1,25A-B062...
DeviceNet,00010095BC080300.eds,0001,149,48136,1.1,149,HS-DSI to DeviceNet,This is an EDS file for a PowerFlex 523 via a 25-COMM-D card in single-drive mode,3,0x1,25A-B062...
DeviceNet,0001007EC2080200.eds,0001,126,49672,2.1,126,DSI to DeviceNet,This is an EDS file for a PowerFlex 523 via a 22-COMM-D card in single-drive mode,2,0x1,25A-D1P4...
DeviceNet,0001007EC2080300.eds,0001,126,49672,1.1,126,DSI to DeviceNet,This is an EDS file for a PowerFlex 523 via a 22-COMM-D card in single-drive mode,3,0x1,25A-D1P4...
DeviceNet,00010095C2080100.eds,0001,149,49672,1.1,149,HS-DSI to DeviceNet,This is an EDS file for a PowerFlex 523 via a 25-COMM-D card in single-drive mode,1,0x1,25A-D1P4...
DeviceNet,00010095C2080200.eds,0001,149,49672,2.1,149,HS-DSI to DeviceNet,This is an EDS file for a PowerFlex 523 via a 25-COMM-D card in single-drive mode,2,0x1,25A-D1P4...
DeviceNet,00010095C2080300.eds,0001,149,49672,1.1,149,HS-DSI to DeviceNet,This is an EDS file for a PowerFlex 523 via a 25-COMM-D card in single-drive mode,3,0x1,25A-D1P4...
DeviceNet,0001007EC4080200.eds,0001,126,50184,2.1,126,DSI to DeviceNet,This is an EDS file for a PowerFlex 523 via a 22-COMM-D card in single-drive mode,2,0x1,25A-D2P3...
DeviceNet,0001007EC4080300.eds,0001,126,50184,1.1,126,DSI to DeviceNet,This is an EDS file for a PowerFlex 523 via a 22-COMM-D card in single-drive mode,3,0x1,25A-D2P3...
DeviceNet,00010095C4080100.eds,0001,149,50184,1.1,149,HS-DSI to DeviceNet,This is an EDS file for a PowerFlex 523 via a 25-COMM-D card in single-drive mode,1,0x1,25A-D2P3...
DeviceNet,00010095C4080200.eds,0001,149,50184,2.1,149,HS-DSI to DeviceNet,This is an EDS file for a PowerFlex 523 via a 25-COMM-D card in single-drive mode,2,0x1,25A-D2P3...
DeviceNet,00010095C4080300.eds,0001,149,50184,1.1,149,HS-DSI to DeviceNet,This is an EDS file for a PowerFlex 523 via a 25-COMM-D card in single-drive mode,3,0x1,25A-D2P3...
DeviceNet,0001007EC6080200.eds,0001,126,50696,2.1,126,DSI to DeviceNet,This is an EDS file for a PowerFlex 523 via a 22-COMM-D card in single-drive mode,2,0x1,25A-D4P0...
DeviceNet,0001007EC6080300.eds,0001,126,50696,1.1,126,DSI to DeviceNet,This is an EDS file for a PowerFlex 523 via a 22-COMM-D card in single-drive mode,3,0x1,25A-D4P0...
DeviceNet,00010095C6080100.eds,0001,149,50696,1.1,149,HS-DSI to DeviceNet,This is an EDS file for a PowerFlex 523 via a 25-COMM-D card in single-drive mode,1,0x1,25A-D4P0...
DeviceNet,00010095C6080200.eds,0001,149,50696,2.1,149,HS-DSI to DeviceNet,This is an EDS file for a PowerFlex 523 via a 25-COMM-D card in single-drive mode,2,0x1,25A-D4P0...
DeviceNet,00010095C6080300.eds,0001,149,50696,1.1,149,HS-DSI to DeviceNet,This is an EDS file for a PowerFlex 523 via a 25-COMM-D card in single-drive mode,3,0x1,25A-D4P0...
DeviceNet,0001007EC7080200.eds,0001,126,50952,2.1,126,DSI to DeviceNet,This is an EDS file for a PowerFlex 523 via a 22-COMM-D card in single-drive mode,2,0x1,25A-D6P0...
DeviceNet,0001007EC7080300.eds,0001,126,50952,1.1,126,DSI to DeviceNet,This is an EDS file for a PowerFlex 523 via a 22-COMM-D card in single-drive mode,3,0x1,25A-D6P0...
DeviceNet,00010095C7080100.eds,0001,149,50952,1.1,149,HS-DSI to DeviceNet,This is an EDS file for a PowerFlex 523 via a 25-COMM-D card in single-drive mode,1,0x1,25A-D6P0...
DeviceNet,00010095C7080200.eds,0001,149,50952,2.1,149,HS-DSI to DeviceNet,This is an EDS file for a PowerFlex 523 via a 25-COMM-D card in single-drive mode,2,0x1,25A-D6P0...
DeviceNet,00010095C7080300.eds,0001,149,50952,1.1,149,HS-DSI to DeviceNet,This is an EDS file for a PowerFlex 523 via a 25-COMM-D card in single-drive mode,3,0x1,25A-D6P0...
DeviceNet,0001007EC8080200.eds,0001,126,51208,2.1,126,DSI to DeviceNet,This is an EDS file for a PowerFlex 523 via a 22-COMM-D card in single-drive mode,2,0x1,25A-D010...
DeviceNet,0001007EC8080300.eds,0001,126,51208,1.1,126,DSI to DeviceNet,This is an EDS file for a PowerFlex 523 via a 22-COMM-D card in single-drive mode,3,0x1,25A-D010...
DeviceNet,00010095C8080100.eds,0001,149,51208,1.1,149,HS-DSI to DeviceNet,This is an EDS file for a PowerFlex 523 via a 25-COMM-D card in single-drive mode,1,0x1,25A-D010...
DeviceNet,00010095C8080200.eds,0001,149,51208,2.1,149,HS-DSI to DeviceNet,This is an EDS file for a PowerFlex 523 via a 25-COMM-D card in single-drive mode,2,0x1,25A-D010...
DeviceNet,00010095C8080300.eds,0001,149,51208,1.1,149,HS-DSI to DeviceNet,This is an EDS file for a PowerFlex 523 via a 25-COMM-D card in single-drive mode,3,0x1,25A-D010...
DeviceNet,0001007EC9080200.eds,0001,126,51464,2.1,126,DSI to DeviceNet,This is an EDS file for a PowerFlex 523 via a 22-COMM-D card in single-drive mode,2,0x1,25A-D013...
DeviceNet,0001007EC9080300.eds,0001,126,51464,1.1,126,DSI to DeviceNet,This is an EDS file for a PowerFlex 523 via a 22-COMM-D card in single-drive mode,3,0x1,25A-D013...
DeviceNet,00010095C9080100.eds,0001,149,51464,1.1,149,HS-DSI to DeviceNet,This is an EDS file for a PowerFlex 523 via a 25-COMM-D card in single-drive mode,1,0x1,25A-D013...
DeviceNet,00010095C9080200.eds,0001,149,51464,2.1,149,HS-DSI to DeviceNet,This is an EDS file for a PowerFlex 523 via a 25-COMM-D card in single-drive mode,2,0x1,25A-D013...
DeviceNet,00010095C9080300.eds,0001,149,51464,1.1,149,HS-DSI to DeviceNet,This is an EDS file for a PowerFlex 523 via a 25-COMM-D card in single-drive mode,3,0x1,25A-D013...
DeviceNet,0001007ECA080200.eds,0001,126,51720,2.1,126,DSI to DeviceNet,This is an EDS file for a PowerFlex 523 via a 22-COMM-D card in single-drive mode,2,0x1,25A-D017...
DeviceNet,0001007ECA080300.eds,0001,126,51720,1.1,126,DSI to DeviceNet,This is an EDS file for a PowerFlex 523 via a 22-COMM-D card in single-drive mode,3,0x1,25A-D017...
DeviceNet,00010095CA080100.eds,0001,149,51720,1.1,149,HS-DSI to DeviceNet,This is an EDS file for a PowerFlex 523 via a 25-COMM-D card in single-drive mode,1,0x1,25A-D017...
DeviceNet,00010095CA080200.eds,0001,149,51720,2.1,149,HS-DSI to DeviceNet,This is an EDS file for a PowerFlex 523 via a 25-COMM-D card in single-drive mode,2,0x1,25A-D017...
DeviceNet,00010095CA080300.eds,0001,149,51720,1.1,149,HS-DSI to DeviceNet,This is an EDS file for a PowerFlex 523 via a 25-COMM-D card in single-drive mode,3,0x1,25A-D017...
DeviceNet,0001007ECB080200.eds,0001,126,51976,2.1,126,DSI to DeviceNet,This is an EDS file for a PowerFlex 523 via a 22-COMM-D card in single-drive mode,2,0x1,25A-D024...
DeviceNet,0001007ECB080300.eds,0001,126,51976,1.1,126,DSI to DeviceNet,This is an EDS file for a PowerFlex 523 via a 22-COMM-D card in single-drive mode,3,0x1,25A-D024...
DeviceNet,00010095CB080100.eds,0001,149,51976,1.1,149,HS-DSI to DeviceNet,This is an EDS file for a PowerFlex 523 via a 25-COMM-D card in single-drive mode,1,0x1,25A-D024...
DeviceNet,00010095CB080200.eds,0001,149,51976,2.1,149,HS-DSI to DeviceNet,This is an EDS file for a PowerFlex 523 via a 25-COMM-D card in single-drive mode,2,0x1,25A-D024...
DeviceNet,00010095CB080300.eds,0001,149,51976,1.1,149,HS-DSI to DeviceNet,This is an EDS file for a PowerFlex 523 via a 25-COMM-D card in single-drive mode,3,0x1,25A-D024...
DeviceNet,0001007ECC080200.eds,0001,126,52232,2.1,126,DSI to DeviceNet,This is an EDS file for a PowerFlex 523 via a 22-COMM-D card in single-drive mode,2,0x1,25A-D030...
DeviceNet,0001007ECC080300.eds,0001,126,52232,1.1,126,DSI to DeviceNet,This is an EDS file for a PowerFlex 523 via a 22-COMM-D card in single-drive mode,3,0x1,25A-D030...
DeviceNet,00010095CC080100.eds,0001,149,52232,1.1,149,HS-DSI to DeviceNet,This is an EDS file for a PowerFlex 523 via a 25-COMM-D card in single-drive mode,1,0x1,25A-D030...
DeviceNet,00010095CC080200.eds,0001,149,52232,2.1,149,HS-DSI to DeviceNet,This is an EDS file for a PowerFlex 523 via a 25-COMM-D card in single-drive mode,2,0x1,25A-D030...
DeviceNet,00010095CC080300.eds,0001,149,52232,1.1,149,HS-DSI to DeviceNet,This is an EDS file for a PowerFlex 523 via a 25-COMM-D card in single-drive mode,3,0x1,25A-D030...
DeviceNet,0001007ECD080200.eds,0001,126,52488,2.1,126,DSI to DeviceNet,This is an EDS file for a PowerFlex 523 via a 22-COMM-D card in single-drive mode,2,0x1,25A-D037...
DeviceNet,0001007ECD080300.eds,0001,126,52488,1.1,126,DSI to DeviceNet,This is an EDS file for a PowerFlex 523 via a 22-COMM-D card in single-drive mode,3,0x1,25A-D037...
DeviceNet,00010095CD080100.eds,0001,149,52488,1.1,149,HS-DSI to DeviceNet,This is an EDS file for a PowerFlex 523 via a 25-COMM-D card in single-drive mode,1,0x1,25A-D037...
DeviceNet,00010095CD080200.eds,0001,149,52488,2.1,149,HS-DSI to DeviceNet,This is an EDS file for a PowerFlex 523 via a 25-COMM-D card in single-drive mode,2,0x1,25A-D037...
DeviceNet,00010095CD080300.eds,0001,149,52488,1.1,149,HS-DSI to DeviceNet,This is an EDS file for a PowerFlex 523 via a 25-COMM-D card in single-drive mode,3,0x1,25A-D037...
DeviceNet,0001007ECE080200.eds,0001,126,52744,2.1,126,DSI to DeviceNet,This is an EDS file for a PowerFlex 523 via a 22-COMM-D card in single-drive mode,2,0x1,25A-D043...
DeviceNet,0001007ECE080300.eds,0001,126,52744,1.1,126,DSI to DeviceNet,This is an EDS file for a PowerFlex 523 via a 22-COMM-D card in single-drive mode,3,0x1,25A-D043...
DeviceNet,00010095CE080100.eds,0001,149,52744,1.1,149,HS-DSI to DeviceNet,This is an EDS file for a PowerFlex 523 via a 25-COMM-D card in single-drive mode,1,0x1,25A-D043...
DeviceNet,00010095CE080200.eds,0001,149,52744,2.1,149,HS-DSI to DeviceNet,This is an EDS file for a PowerFlex 523 via a 25-COMM-D card in single-drive mode,2,0x1,25A-D043...
DeviceNet,00010095CE080300.eds,0001,149,52744,1.1,149,HS-DSI to DeviceNet,This is an EDS file for a PowerFlex 523 via a 25-COMM-D card in single-drive mode,3,0x1,25A-D043...
DeviceNet,0001007ED2080200.eds,0001,126,53768,2.1,126,DSI to DeviceNet,This is an EDS file for a PowerFlex 523 via a 22-COMM-D card in single-drive mode,2,0x1,25A-E0P9...
DeviceNet,0001007ED2080300.eds,0001,126,53768,1.1,126,DSI to DeviceNet,This is an EDS file for a PowerFlex 523 via a 22-COMM-D card in single-drive mode,3,0x1,25A-E0P9...
DeviceNet,00010095D2080100.eds,0001,149,53768,1.1,149,HS-DSI to DeviceNet,This is an EDS file for a PowerFlex 523 via a 25-COMM-D card in single-drive mode,1,0x1,25A-E0P9...
DeviceNet,00010095D2080200.eds,0001,149,53768,2.1,149,HS-DSI to DeviceNet,This is an EDS file for a PowerFlex 523 via a 25-COMM-D card in single-drive mode,2,0x1,25A-E0P9...
DeviceNet,00010095D2080300.eds,0001,149,53768,1.1,149,HS-DSI to DeviceNet,This is an EDS file for a PowerFlex 523 via a 25-COMM-D card in single-drive mode,3,0x1,25A-E0P9...
DeviceNet,0001007ED4080200.eds,0001,126,54280,2.1,126,DSI to DeviceNet,This is an EDS file for a PowerFlex 523 via a 22-COMM-D card in single-drive mode,2,0x1,25A-E1P7...
DeviceNet,0001007ED4080300.eds,0001,126,54280,1.1,126,DSI to DeviceNet,This is an EDS file for a PowerFlex 523 via a 22-COMM-D card in single-drive mode,3,0x1,25A-E1P7...
DeviceNet,00010095D4080100.eds,0001,149,54280,1.1,149,HS-DSI to DeviceNet,This is an EDS file for a PowerFlex 523 via a 25-COMM-D card in single-drive mode,1,0x1,25A-E1P7...
DeviceNet,00010095D4080200.eds,0001,149,54280,2.1,149,HS-DSI to DeviceNet,This is an EDS file for a PowerFlex 523 via a 25-COMM-D card in single-drive mode,2,0x1,25A-E1P7...
DeviceNet,00010095D4080300.eds,0001,149,54280,1.1,149,HS-DSI to DeviceNet,This is an EDS file for a PowerFlex 523 via a 25-COMM-D card in single-drive mode,3,0x1,25A-E1P7...
DeviceNet,0001007ED6080200.eds,0001,126,54792,2.1,126,DSI to DeviceNet,This is an EDS file for a PowerFlex 523 via a 22-COMM-D card in single-drive mode,2,0x1,25A-E3P0...
DeviceNet,0001007ED6080300.eds,0001,126,54792,1.1,126,DSI to DeviceNet,This is an EDS file for a PowerFlex 523 via a 22-COMM-D card in single-drive mode,3,0x1,25A-E3P0...
DeviceNet,00010095D6080100.eds,0001,149,54792,1.1,149,HS-DSI to DeviceNet,This is an EDS file for a PowerFlex 523 via a 25-COMM-D card in single-drive mode,1,0x1,25A-E3P0...
DeviceNet,00010095D6080200.eds,0001,149,54792,2.1,149,HS-DSI to DeviceNet,This is an EDS file for a PowerFlex 523 via a 25-COMM-D card in single-drive mode,2,0x1,25A-E3P0...
DeviceNet,00010095D6080300.eds,0001,149,54792,1.1,149,HS-DSI to DeviceNet,This is an EDS file for a PowerFlex 523 via a 25-COMM-D card in single-drive mode,3,0x1,25A-E3P0...
DeviceNet,0001007ED7080200.eds,0001,126,55048,2.1,126,DSI to DeviceNet,This is an EDS file for a PowerFlex 523 via a 22-COMM-D card in single-drive mode,2,0x1,25A-E4P2...
DeviceNet,0001007ED7080300.eds,0001,126,55048,1.1,126,DSI to DeviceNet,This is an EDS file for a PowerFlex 523 via a 22-COMM-D card in single-drive mode,3,0x1,25A-E4P2...
DeviceNet,00010095D7080100.eds,0001,149,55048,1.1,149,HS-DSI to DeviceNet,This is an EDS file for a PowerFlex 523 via a 25-COMM-D card in single-drive mode,1,0x1,25A-E4P2...
DeviceNet,00010095D7080200.eds,0001,149,55048,2.1,149,HS-DSI to DeviceNet,This is an EDS file for a PowerFlex 523 via a 25-COMM-D card in single-drive mode,2,0x1,25A-E4P2...
DeviceNet,00010095D7080300.eds,0001,149,55048,1.1,149,HS-DSI to DeviceNet,This is an EDS file for a PowerFlex 523 via a 25-COMM-D card in single-drive mode,3,0x1,25A-E4P2...
DeviceNet,0001007ED8080200.eds,0001,126,55304,2.1,126,DSI to DeviceNet,This is an EDS file for a PowerFlex 523 via a 22-COMM-D card in single-drive mode,2,0x1,25A-E6P6...
DeviceNet,0001007ED8080300.eds,0001,126,55304,1.1,126,DSI to DeviceNet,This is an EDS file for a PowerFlex 523 via a 22-COMM-D card in single-drive mode,3,0x1,25A-E6P6...
DeviceNet,00010095D8080100.eds,0001,149,55304,1.1,149,HS-DSI to DeviceNet,This is an EDS file for a PowerFlex 523 via a 25-COMM-D card in single-drive mode,1,0x1,25A-E6P6...
DeviceNet,00010095D8080200.eds,0001,149,55304,2.1,149,HS-DSI to DeviceNet,This is an EDS file for a PowerFlex 523 via a 25-COMM-D card in single-drive mode,2,0x1,25A-E6P6...
DeviceNet,00010095D8080300.eds,0001,149,55304,1.1,149,HS-DSI to DeviceNet,This is an EDS file for a PowerFlex 523 via a 25-COMM-D card in single-drive mode,3,0x1,25A-E6P6...
DeviceNet,0001007ED9080200.eds,0001,126,55560,2.1,126,DSI to DeviceNet,This is an EDS file for a PowerFlex 523 via a 22-COMM-D card in single-drive mode,2,0x1,25A-E9P9...
DeviceNet,0001007ED9080300.eds,0001,126,55560,1.1,126,DSI to DeviceNet,This is an EDS file for a PowerFlex 523 via a 22-COMM-D card in single-drive mode,3,0x1,25A-E9P9...
DeviceNet,00010095D9080100.eds,0001,149,55560,2.1,149,HS-DSI to DeviceNet,This is an EDS file for a PowerFlex 523 via a 25-COMM-D card in single-drive mode,1,0x1,25A-E9P9...
DeviceNet,00010095D9080200.eds,0001,149,55560,2.1,149,HS-DSI to DeviceNet,This is an EDS file for a PowerFlex 523 via a 25-COMM-D card in single-drive mode,2,0x1,25A-E9P9...
DeviceNet,00010095D9080300.eds,0001,149,55560,1.1,149,HS-DSI to DeviceNet,This is an EDS file for a PowerFlex 523 via a 25-COMM-D card in single-drive mode,3,0x1,25A-E9P9...
DeviceNet,0001007EDA080200.eds,0001,126,55816,2.1,126,DSI to DeviceNet,This is an EDS file for a PowerFlex 523 via a 22-COMM-D card in single-drive mode,2,0x1,25A-E012...
DeviceNet,0001007EDA080300.eds,0001,126,55816,1.1,126,DSI to DeviceNet,This is an EDS file for a PowerFlex 523 via a 22-COMM-D card in single-drive mode,3,0x1,25A-E012...
DeviceNet,00010095DA080100.eds,0001,149,55816,1.1,149,HS-DSI to DeviceNet,This is an EDS file for a PowerFlex 523 via a 25-COMM-D card in single-drive mode,1,0x1,25A-E012...
DeviceNet,00010095DA080200.eds,0001,149,55816,2.1,149,HS-DSI to DeviceNet,This is an EDS file for a PowerFlex 523 via a 25-COMM-D card in single-drive mode,2,0x1,25A-E012...
DeviceNet,00010095DA080300.eds,0001,149,55816,1.1,149,HS-DSI to DeviceNet,This is an EDS file for a PowerFlex 523 via a 25-COMM-D card in single-drive mode,3,0x1,25A-E012...
DeviceNet,0001007EDB080200.eds,0001,126,56072,2.1,126,DSI to DeviceNet,This is an EDS file for a PowerFlex 523 via a 22-COMM-D card in single-drive mode,2,0x1,25A-E019...
DeviceNet,0001007EDB080300.eds,0001,126,56072,1.1,126,DSI to DeviceNet,This is an EDS file for a PowerFlex 523 via a 22-COMM-D card in single-drive mode,3,0x1,25A-E019...
DeviceNet,00010095DB080100.eds,0001,149,56072,1.1,149,HS-DSI to DeviceNet,This is an EDS file for a PowerFlex 523 via a 25-COMM-D card in single-drive mode,1,0x1,25A-E019...
DeviceNet,00010095DB080200.eds,0001,149,56072,2.1,149,HS-DSI to DeviceNet,This is an EDS file for a PowerFlex 523 via a 25-COMM-D card in single-drive mode,2,0x1,25A-E019...
DeviceNet,00010095DB080300.eds,0001,149,56072,1.1,149,HS-DSI to DeviceNet,This is an EDS file for a PowerFlex 523 via a 25-COMM-D card in single-drive mode,3,0x1,25A-E019...
DeviceNet,0001007EDC080200.eds,0001,126,56328,2.1,126,DSI to DeviceNet,This is an EDS file for a PowerFlex 523 via a 22-COMM-D card in single-drive mode,2,0x1,25A-E022...
DeviceNet,0001007EDC080300.eds,0001,126,56328,1.1,126,DSI to DeviceNet,This is an EDS file for a PowerFlex 523 via a 22-COMM-D card in single-drive mode,3,0x1,25A-E022...
DeviceNet,00010095DC080100.eds,0001,149,56328,1.1,149,HS-DSI to DeviceNet,This is an EDS file for a PowerFlex 523 via a 25-COMM-D card in single-drive mode,1,0x1,25A-E022...
DeviceNet,00010095DC080200.eds,0001,149,56328,2.1,149,HS-DSI to DeviceNet,This is an EDS file for a PowerFlex 523 via a 25-COMM-D card in single-drive mode,2,0x1,25A-E022...
DeviceNet,00010095DC080300.eds,0001,149,56328,1.1,149,HS-DSI to DeviceNet,This is an EDS file for a PowerFlex 523 via a 25-COMM-D card in single-drive mode,3,0x1,25A-E022...
DeviceNet,0001007EDD080200.eds,0001,126,56584,2.1,126,DSI to DeviceNet,This is an EDS file for a PowerFlex 523 via a 22-COMM-D card in single-drive mode,2,0x1,25A-E027...
DeviceNet,0001007EDD080300.eds,0001,126,56584,1.1,126,DSI to DeviceNet,This is an EDS file for a PowerFlex 523 via a 22-COMM-D card in single-drive mode,3,0x1,25A-E027...
DeviceNet,00010095DD080100.eds,0001,149,56584,1.1,149,HS-DSI to DeviceNet,This is an EDS file for a PowerFlex 523 via a 25-COMM-D card in single-drive mode,1,0x1,25A-E027...
DeviceNet,00010095DD080200.eds,0001,149,56584,2.1,149,HS-DSI to DeviceNet,This is an EDS file for a PowerFlex 523 via a 25-COMM-D card in single-drive mode,2,0x1,25A-E027...
DeviceNet,00010095DD080300.eds,0001,149,56584,1.1,149,HS-DSI to DeviceNet,This is an EDS file for a PowerFlex 523 via a 25-COMM-D card in single-drive mode,3,0x1,25A-E027...
DeviceNet,0001007EDE080200.eds,0001,126,56840,2.1,126,DSI to DeviceNet,This is an EDS file for a PowerFlex 523 via a 22-COMM-D card in single-drive mode,2,0x1,25A-E032...
DeviceNet,0001007EDE080300.eds,0001,126,56840,1.1,126,DSI to DeviceNet,This is an EDS file for a PowerFlex 523 via a 22-COMM-D card in single-drive mode,3,0x1,25A-E032...
DeviceNet,00010095DE080100.eds,0001,149,56840,1.1,149,HS-DSI to DeviceNet,This is an EDS file for a PowerFlex 523 via a 25-COMM-D card in single-drive mode,1,0x1,25A-E032...
DeviceNet,00010095DE080200.eds,0001,149,56840,2.1,149,HS-DSI to DeviceNet,This is an EDS file for a PowerFlex 523 via a 25-COMM-D card in single-drive mode,2,0x1,25A-E032...
DeviceNet,00010095DE080300.eds,0001,149,56840,1.1,149,HS-DSI to DeviceNet,This is an EDS file for a PowerFlex 523 via a 25-COMM-D card in single-drive mode,3,0x1,25A-E032...
